13dfcacbb0d1a7825eeea7f66cd858bd77996260,EXTRACT_MOVE,{Function it at src/core/Env.js:1049},{Function it_ at lib/jasmine-core/jasmine.js:2026})
13dfcacbb0d1a7825eeea7f66cd858bd77996260,EXTRACT,{Function it at src/core/Env.js:1049},{Function it_ at src/core/Env.js:1049})
13dfcacbb0d1a7825eeea7f66cd858bd77996260,EXTRACT,{Function it at lib/jasmine-core/jasmine.js:2023},{Function it_ at lib/jasmine-core/jasmine.js:2026})
799d9897fd2810932833066bd68871b454dbaa56,EXTRACT_MOVE,{Function it at src/core/Env.js:1234},{Function it_ at lib/jasmine-core/jasmine.js:2272})
799d9897fd2810932833066bd68871b454dbaa56,EXTRACT,{Function it at src/core/Env.js:1234},{Function it_ at src/core/Env.js:1234})
799d9897fd2810932833066bd68871b454dbaa56,EXTRACT,{Function it at lib/jasmine-core/jasmine.js:2272},{Function it_ at lib/jasmine-core/jasmine.js:2272})
90d6f9d73ce4809233d67a9cb0a78ea2a4f436d0,RENAME,{Function copy at src/core/asymmetricEqualityTesterArgCompatShim.js:77},{Function copyAndDeprecate at src/core/asymmetricEqualityTesterArgCompatShim.js:77})
90d6f9d73ce4809233d67a9cb0a78ea2a4f436d0,RENAME,{Function copy at lib/jasmine-core/jasmine.js:2756},{Function copyAndDeprecate at lib/jasmine-core/jasmine.js:2801})
dec67bd535bfeeb9e4953f14c35ff56874aabcf9,RENAME,{Function eq at lib/jasmine-core/jasmine.js:4168},{Function eq_ at lib/jasmine-core/jasmine.js:4300})
dec67bd535bfeeb9e4953f14c35ff56874aabcf9,RENAME,{Function asymmetricMatch at src/core/matchers/matchersUtil.js:58},{Function asymmetricMatch_ at src/core/matchers/matchersUtil.js:61})
dec67bd535bfeeb9e4953f14c35ff56874aabcf9,RENAME,{Function asymmetricMatch at lib/jasmine-core/jasmine.js:4133},{Function asymmetricMatch_ at lib/jasmine-core/jasmine.js:4255})
dec67bd535bfeeb9e4953f14c35ff56874aabcf9,RENAME,{Function matchersUtil at lib/jasmine-core/jasmine.js:4076},{Function MatchersUtil at lib/jasmine-core/jasmine.js:4195})
dec67bd535bfeeb9e4953f14c35ff56874aabcf9,RENAME,{Function eq at src/core/matchers/matchersUtil.js:93},{Function eq_ at src/core/matchers/matchersUtil.js:106})
dec67bd535bfeeb9e4953f14c35ff56874aabcf9,RENAME,{Function matchersUtil at src/core/matchers/matchersUtil.js:1},{Function MatchersUtil at src/core/matchers/matchersUtil.js:1})
873d1c294552e90bbcb96b5589324a3bdf5ff597,EXTRACT_MOVE,{Function defaultFormatter at src/core/matchers/DiffBuilder.js:25},{Function wrapPrettyPrinted at lib/jasmine-core/jasmine.js:4253})
873d1c294552e90bbcb96b5589324a3bdf5ff597,RENAME,{Function record at src/core/matchers/NullDiffBuilder.js:7},{Function recordMismatch at src/core/matchers/NullDiffBuilder.js:8})
873d1c294552e90bbcb96b5589324a3bdf5ff597,RENAME,{Function record at src/core/matchers/DiffBuilder.js:8},{Function recordMismatch at src/core/matchers/DiffBuilder.js:15})
873d1c294552e90bbcb96b5589324a3bdf5ff597,EXTRACT,{Function applyCustomFormatters_ at src/core/PrettyPrinter.js:104},{Function customFormat at src/core/PrettyPrinter.js:378})
873d1c294552e90bbcb96b5589324a3bdf5ff597,EXTRACT,{Function applyCustomFormatters_ at lib/jasmine-core/jasmine.js:6111},{Function customFormat at lib/jasmine-core/jasmine.js:6503})
873d1c294552e90bbcb96b5589324a3bdf5ff597,RENAME,{Function record at lib/jasmine-core/jasmine.js:4741},{Function recordMismatch at lib/jasmine-core/jasmine.js:4845})
873d1c294552e90bbcb96b5589324a3bdf5ff597,EXTRACT,{Function defaultFormatter at lib/jasmine-core/jasmine.js:4214},{Function wrapPrettyPrinted at lib/jasmine-core/jasmine.js:4253})
873d1c294552e90bbcb96b5589324a3bdf5ff597,EXTRACT,{Function defaultFormatter at src/core/matchers/DiffBuilder.js:25},{Function wrapPrettyPrinted at src/core/matchers/DiffBuilder.js:63})
873d1c294552e90bbcb96b5589324a3bdf5ff597,EXTRACT_MOVE,{Function applyCustomFormatters_ at src/core/PrettyPrinter.js:104},{Function customFormat at lib/jasmine-core/jasmine.js:6503})
533bda5d2400755a1ef49bfd59712af1f620496e,EXTRACT_MOVE,{Function wrapCompare at src/core/Expectation.js:20},{Function processResult at lib/jasmine-core/jasmine.js:2627})
533bda5d2400755a1ef49bfd59712af1f620496e,INTERNAL_MOVE,{Function defaultNegativeCompare at lib/jasmine-core/jasmine.js:2609},{Function defaultNegativeCompare at lib/jasmine-core/jasmine.js:2614})
533bda5d2400755a1ef49bfd59712af1f620496e,EXTRACT,{Function wrapCompare at lib/jasmine-core/jasmine.js:2598},{Function instantiateMatcher at lib/jasmine-core/jasmine.js:2611})
533bda5d2400755a1ef49bfd59712af1f620496e,EXTRACT,{Function wrapCompare at src/core/Expectation.js:20},{Function instantiateMatcher at src/core/Expectation.js:33})
533bda5d2400755a1ef49bfd59712af1f620496e,EXTRACT_MOVE,{Function wrapCompare at src/core/Expectation.js:20},{Function instantiateMatcher at lib/jasmine-core/jasmine.js:2611})
533bda5d2400755a1ef49bfd59712af1f620496e,EXTRACT,{Function wrapCompare at lib/jasmine-core/jasmine.js:2598},{Function processResult at lib/jasmine-core/jasmine.js:2627})
533bda5d2400755a1ef49bfd59712af1f620496e,INTERNAL_MOVE,{Function defaultNegativeCompare at src/core/Expectation.js:31},{Function defaultNegativeCompare at src/core/Expectation.js:36})
533bda5d2400755a1ef49bfd59712af1f620496e,EXTRACT,{Function wrapCompare at src/core/Expectation.js:20},{Function processResult at src/core/Expectation.js:49})
9472df0db499679534143b7956ea83281bb0e02e,EXTRACT_MOVE,{Function addExpectationResult at lib/jasmine-core/jasmine.js:880},{Function addExpectationResult at lib/jasmine-core/jasmine.js:899})
9472df0db499679534143b7956ea83281bb0e02e,EXTRACT,{Function wrapCompare at lib/jasmine-core/jasmine.js:2607},{Function finalizeMessage at lib/jasmine-core/jasmine.js:2834})
9472df0db499679534143b7956ea83281bb0e02e,EXTRACT_MOVE,{Function wrapCompare at src/core/Expectation.js:20},{Function addExpectationResult at lib/jasmine-core/jasmine.js:899})
9472df0db499679534143b7956ea83281bb0e02e,EXTRACT_MOVE,{Function fail at src/core/Env.js:743},{Function addExpectationResult at lib/jasmine-core/jasmine.js:899})
9472df0db499679534143b7956ea83281bb0e02e,EXTRACT_MOVE,{Function wrapCompare at src/core/Expectation.js:20},{Function finalizeMessage at lib/jasmine-core/jasmine.js:2834})
9472df0db499679534143b7956ea83281bb0e02e,EXTRACT_MOVE,{Function onException at src/core/Spec.js:104},{Function addExpectationResult at lib/jasmine-core/jasmine.js:899})
9472df0db499679534143b7956ea83281bb0e02e,EXTRACT_MOVE,{Function onException at lib/jasmine-core/jasmine.js:639},{Function addExpectationResult at lib/jasmine-core/jasmine.js:899})
9472df0db499679534143b7956ea83281bb0e02e,EXTRACT,{Function wrapCompare at src/core/Expectation.js:20},{Function finalizeMessage at src/core/Expectation.js:63})
9472df0db499679534143b7956ea83281bb0e02e,EXTRACT_MOVE,{Function onException at src/core/Spec.js:104},{Function addExpectationResult at src/core/Env.js:128})
9472df0db499679534143b7956ea83281bb0e02e,EXTRACT_MOVE,{Function fail at lib/jasmine-core/jasmine.js:1508},{Function addExpectationResult at lib/jasmine-core/jasmine.js:899})
9472df0db499679534143b7956ea83281bb0e02e,EXTRACT_MOVE,{Function addExpectationResult at src/core/Env.js:115},{Function addExpectationResult at lib/jasmine-core/jasmine.js:899})
9472df0db499679534143b7956ea83281bb0e02e,EXTRACT_MOVE,{Function wrapCompare at src/core/Expectation.js:20},{Function addExpectationResult at src/core/Env.js:128})
9472df0db499679534143b7956ea83281bb0e02e,EXTRACT_MOVE,{Function addExpectationResult at src/core/Env.js:115},{Function addExpectationResult at src/core/Env.js:128})
9472df0db499679534143b7956ea83281bb0e02e,EXTRACT_MOVE,{Function wrapCompare at lib/jasmine-core/jasmine.js:2607},{Function addExpectationResult at lib/jasmine-core/jasmine.js:899})
9472df0db499679534143b7956ea83281bb0e02e,EXTRACT_MOVE,{Function fail at src/core/Env.js:743},{Function addExpectationResult at src/core/Env.js:128})
282c436463a03fe74886b5887d749bcc422bf873,EXTRACT,{Function instantiateMatcher at lib/jasmine-core/jasmine.js:2611},{Function selectComparisonFunc at lib/jasmine-core/jasmine.js:2682})
282c436463a03fe74886b5887d749bcc422bf873,INTERNAL_MOVE,{Function defaultNegativeCompare at lib/jasmine-core/jasmine.js:2614},{Function defaultNegativeCompare at lib/jasmine-core/jasmine.js:2683})
282c436463a03fe74886b5887d749bcc422bf873,EXTRACT_MOVE,{Function instantiateMatcher at src/core/Expectation.js:33},{Function selectComparisonFunc at lib/jasmine-core/jasmine.js:2682})
282c436463a03fe74886b5887d749bcc422bf873,EXTRACT,{Function instantiateMatcher at src/core/Expectation.js:33},{Function selectComparisonFunc at src/core/Expectation.js:98})
282c436463a03fe74886b5887d749bcc422bf873,INTERNAL_MOVE,{Function defaultNegativeCompare at src/core/Expectation.js:36},{Function defaultNegativeCompare at src/core/Expectation.js:99})
07996b567f83191e4258e131339c6ec0e8041b7b,EXTRACT,{Function specDone at lib/jasmine-core/jasmine-html.js:137},{Function failureDom at lib/jasmine-core/jasmine-html.js:263})
07996b567f83191e4258e131339c6ec0e8041b7b,EXTRACT,{Function jasmineDone at lib/jasmine-core/jasmine-html.js:173},{Function optionsMenu at lib/jasmine-core/jasmine-html.js:321})
07996b567f83191e4258e131339c6ec0e8041b7b,INTERNAL_MOVE,{Function summaryList at lib/jasmine-core/jasmine-html.js:304},{Function summaryList at lib/jasmine-core/jasmine-html.js:280})
07996b567f83191e4258e131339c6ec0e8041b7b,INTERNAL_MOVE,{Function summaryList at src/html/HtmlReporter.js:274},{Function summaryList at src/html/HtmlReporter.js:250})
07996b567f83191e4258e131339c6ec0e8041b7b,EXTRACT,{Function specDone at src/html/HtmlReporter.js:107},{Function failureDom at src/html/HtmlReporter.js:233})
07996b567f83191e4258e131339c6ec0e8041b7b,EXTRACT_MOVE,{Function specDone at src/html/HtmlReporter.js:107},{Function failureDom at lib/jasmine-core/jasmine-html.js:263})
07996b567f83191e4258e131339c6ec0e8041b7b,EXTRACT,{Function jasmineDone at src/html/HtmlReporter.js:143},{Function optionsMenu at src/html/HtmlReporter.js:291})
07996b567f83191e4258e131339c6ec0e8041b7b,EXTRACT_MOVE,{Function jasmineDone at src/html/HtmlReporter.js:143},{Function optionsMenu at lib/jasmine-core/jasmine-html.js:321})
262a2fe674f9fc7250eb361585d8ddb3e2c0b780,RENAME,{Function complete at lib/jasmine-core/jasmine.js:552},{Function fn at lib/jasmine-core/jasmine.js:538})
bd250f27c7660f7c30529547d732edaf9acee6bd,EXTRACT,{Function setTimeout at spec/core/integration/EnvSpec.js:465},{Function setTimeout at spec/core/integration/EnvSpec.js:2016})
bd250f27c7660f7c30529547d732edaf9acee6bd,EXTRACT,{Function clearTimeout at spec/core/integration/EnvSpec.js:466},{Function clearTimeout at spec/core/integration/EnvSpec.js:2017})
bd250f27c7660f7c30529547d732edaf9acee6bd,EXTRACT,{Function setTimeout at spec/core/integration/EnvSpec.js:465},{Function setTimeout at spec/core/integration/EnvSpec.js:1982})
bd250f27c7660f7c30529547d732edaf9acee6bd,EXTRACT,{Function clearTimeout at spec/core/integration/EnvSpec.js:466},{Function clearTimeout at spec/core/integration/EnvSpec.js:1983})
6b156ca6d16e0d505287465e164ec8af120b98e1,INLINE,{Function isExecutable at lib/jasmine-core/jasmine.js:5617},{Function processNode at lib/jasmine-core/jasmine.js:5741})
6b156ca6d16e0d505287465e164ec8af120b98e1,INLINE,{Function isExecutable at src/core/Suite.js:97},{Function processNode at src/core/TreeProcessor.js:50})
6b156ca6d16e0d505287465e164ec8af120b98e1,INLINE,{Function isExecutable at lib/jasmine-core/jasmine.js:5617},{Function processNode at src/core/TreeProcessor.js:50})
6b156ca6d16e0d505287465e164ec8af120b98e1,EXTRACT_MOVE,{Function processNode at src/core/TreeProcessor.js:49},{Function excludeNode at spec/core/TreeProcessorSpec.js:75})
db615e4186e9110184b846a6afe40c988ac4a54a,EXTRACT,{Function clearTimeout at spec/core/integration/EnvSpec.js:2059},{Function clearTimeout at spec/core/integration/EnvSpec.js:2198})
db615e4186e9110184b846a6afe40c988ac4a54a,EXTRACT,{Function clearTimeout at spec/core/integration/EnvSpec.js:508},{Function clearTimeout at spec/core/integration/EnvSpec.js:2198})
db615e4186e9110184b846a6afe40c988ac4a54a,EXTRACT,{Function clearTimeout at spec/core/integration/EnvSpec.js:2020},{Function clearTimeout at spec/core/integration/EnvSpec.js:2198})
db615e4186e9110184b846a6afe40c988ac4a54a,EXTRACT,{Function setTimeout at spec/core/integration/EnvSpec.js:2019},{Function setTimeout at spec/core/integration/EnvSpec.js:2197})
db615e4186e9110184b846a6afe40c988ac4a54a,EXTRACT,{Function setTimeout at spec/core/integration/EnvSpec.js:2058},{Function setTimeout at spec/core/integration/EnvSpec.js:2197})
db615e4186e9110184b846a6afe40c988ac4a54a,EXTRACT,{Function setTimeout at spec/core/integration/EnvSpec.js:507},{Function setTimeout at spec/core/integration/EnvSpec.js:2197})
46cc48ccfa27ebfdc92fcdf865d81bf1af1f37aa,EXTRACT_MOVE,{Function StubPromise at spec/core/integration/EnvSpec.js:1535},{Function fn at spec/core/QueueRunnerSpec.js:592})
46cc48ccfa27ebfdc92fcdf865d81bf1af1f37aa,EXTRACT_MOVE,{Function QueueRunner at src/core/QueueRunner.js:14},{Function fn at spec/core/QueueRunnerSpec.js:592})
e2a191b1161364b5d5fe61e9f9fdbc9dd68dc098,INTERNAL_MOVE,{Function setTimeout at lib/jasmine-core/jasmine.js:4544},{Function setTimeout at lib/jasmine-core/jasmine.js:4521})
e2a191b1161364b5d5fe61e9f9fdbc9dd68dc098,INTERNAL_MOVE,{Function attempt at src/core/QueueRunner.js:70},{Function attempt at src/core/QueueRunner.js:54})
e2a191b1161364b5d5fe61e9f9fdbc9dd68dc098,INTERNAL_MOVE,{Function clearTimeout at lib/jasmine-core/jasmine.js:4541},{Function clearTimeout at lib/jasmine-core/jasmine.js:4517})
e2a191b1161364b5d5fe61e9f9fdbc9dd68dc098,INTERNAL_MOVE,{Function setTimeout at src/core/QueueRunner.js:74},{Function setTimeout at src/core/QueueRunner.js:50})
e2a191b1161364b5d5fe61e9f9fdbc9dd68dc098,INTERNAL_MOVE,{Function clearTimeout at src/core/QueueRunner.js:71},{Function clearTimeout at src/core/QueueRunner.js:46})
e2a191b1161364b5d5fe61e9f9fdbc9dd68dc098,INTERNAL_MOVE,{Function attempt at lib/jasmine-core/jasmine.js:4540},{Function attempt at lib/jasmine-core/jasmine.js:4525})
6f119c4e5a574346365c9cf1aee71ef2633546ca,EXTRACT_MOVE,{Function spyOn at src/core/SpyRegistry.js:13},{Function createSpy at src/core/Env.js:403})
6f119c4e5a574346365c9cf1aee71ef2633546ca,EXTRACT_MOVE,{Function createSpyObj at lib/jasmine-core/jasmine.js:1115},{Function createSpy at lib/jasmine-core/jasmine.js:4914})
6f119c4e5a574346365c9cf1aee71ef2633546ca,EXTRACT_MOVE,{Function createSpyObj at src/core/Env.js:415},{Function createSpy at lib/jasmine-core/jasmine.js:4914})
6f119c4e5a574346365c9cf1aee71ef2633546ca,EXTRACT_MOVE,{Function createSpyObj at src/core/Env.js:415},{Function createSpy at lib/jasmine-core/jasmine.js:1091})
6f119c4e5a574346365c9cf1aee71ef2633546ca,EXTRACT_MOVE,{Function spyOnProperty at src/core/SpyRegistry.js:66},{Function createSpy at src/core/Env.js:403})
6f119c4e5a574346365c9cf1aee71ef2633546ca,EXTRACT_MOVE,{Function spyOnProperty at lib/jasmine-core/jasmine.js:5152},{Function createSpy at lib/jasmine-core/jasmine.js:1091})
6f119c4e5a574346365c9cf1aee71ef2633546ca,EXTRACT_MOVE,{Function spyOn at src/core/SpyRegistry.js:13},{Function createSpy at lib/jasmine-core/jasmine.js:1091})
6f119c4e5a574346365c9cf1aee71ef2633546ca,MOVE,{Function createSpy at src/core/base.js:184},{Function createSpy at src/core/Env.js:420})
6f119c4e5a574346365c9cf1aee71ef2633546ca,EXTRACT_MOVE,{Function spyOnProperty at lib/jasmine-core/jasmine.js:5152},{Function createSpy at lib/jasmine-core/jasmine.js:4914})
6f119c4e5a574346365c9cf1aee71ef2633546ca,EXTRACT_MOVE,{Function spyOnProperty at src/core/SpyRegistry.js:66},{Function createSpy at lib/jasmine-core/jasmine.js:1091})
6f119c4e5a574346365c9cf1aee71ef2633546ca,INTERNAL_MOVE,{Function createSpy at lib/jasmine-core/jasmine.js:316},{Function createSpy at lib/jasmine-core/jasmine.js:1108})
6f119c4e5a574346365c9cf1aee71ef2633546ca,EXTRACT,{Function createSpyObj at src/core/Env.js:415},{Function createSpy at src/core/Env.js:403})
6f119c4e5a574346365c9cf1aee71ef2633546ca,EXTRACT_MOVE,{Function spyOn at lib/jasmine-core/jasmine.js:5099},{Function createSpy at lib/jasmine-core/jasmine.js:1091})
6f119c4e5a574346365c9cf1aee71ef2633546ca,EXTRACT,{Function createSpyObj at lib/jasmine-core/jasmine.js:1115},{Function createSpy at lib/jasmine-core/jasmine.js:1091})
6f119c4e5a574346365c9cf1aee71ef2633546ca,EXTRACT_MOVE,{Function spyOnProperty at src/core/SpyRegistry.js:66},{Function createSpy at lib/jasmine-core/jasmine.js:4914})
6f119c4e5a574346365c9cf1aee71ef2633546ca,EXTRACT_MOVE,{Function spyOn at lib/jasmine-core/jasmine.js:5099},{Function createSpy at lib/jasmine-core/jasmine.js:4914})
6f119c4e5a574346365c9cf1aee71ef2633546ca,EXTRACT_MOVE,{Function spyOn at src/core/SpyRegistry.js:13},{Function createSpy at lib/jasmine-core/jasmine.js:4914})
b439e2fb37c68f81f8a9ba50b2e4f41599088081,EXTRACT_MOVE,{Function specDone at src/html/HtmlReporter.js:76},{Function specDone at lib/jasmine-core/jasmine-html.js:60})
b439e2fb37c68f81f8a9ba50b2e4f41599088081,EXTRACT_MOVE,{Function specStarted at src/html/HtmlReporter.js:71},{Function specStarted at lib/jasmine-core/jasmine-html.js:56})
b439e2fb37c68f81f8a9ba50b2e4f41599088081,EXTRACT_MOVE,{Function suiteStarted at lib/jasmine-core/jasmine-html.js:83},{Function suiteStarted at lib/jasmine-core/jasmine-html.js:45})
b439e2fb37c68f81f8a9ba50b2e4f41599088081,EXTRACT_MOVE,{Function suiteDone at src/html/HtmlReporter.js:59},{Function suiteDone at lib/jasmine-core/jasmine-html.js:50})
b439e2fb37c68f81f8a9ba50b2e4f41599088081,EXTRACT_MOVE,{Function specStarted at lib/jasmine-core/jasmine-html.js:100},{Function specStarted at lib/jasmine-core/jasmine-html.js:56})
b439e2fb37c68f81f8a9ba50b2e4f41599088081,EXTRACT_MOVE,{Function suiteStarted at src/html/HtmlReporter.js:54},{Function suiteStarted at src/html/HtmlReporter.js:16})
b439e2fb37c68f81f8a9ba50b2e4f41599088081,EXTRACT_MOVE,{Function specDone at src/html/HtmlReporter.js:76},{Function specDone at src/html/HtmlReporter.js:31})
b439e2fb37c68f81f8a9ba50b2e4f41599088081,EXTRACT_MOVE,{Function specDone at lib/jasmine-core/jasmine-html.js:105},{Function specDone at lib/jasmine-core/jasmine-html.js:60})
b439e2fb37c68f81f8a9ba50b2e4f41599088081,EXTRACT_MOVE,{Function suiteDone at src/html/HtmlReporter.js:59},{Function suiteDone at src/html/HtmlReporter.js:21})
b439e2fb37c68f81f8a9ba50b2e4f41599088081,EXTRACT_MOVE,{Function suiteDone at lib/jasmine-core/jasmine-html.js:88},{Function suiteDone at lib/jasmine-core/jasmine-html.js:50})
b439e2fb37c68f81f8a9ba50b2e4f41599088081,EXTRACT_MOVE,{Function specStarted at src/html/HtmlReporter.js:71},{Function specStarted at src/html/HtmlReporter.js:27})
b439e2fb37c68f81f8a9ba50b2e4f41599088081,EXTRACT_MOVE,{Function suiteStarted at src/html/HtmlReporter.js:54},{Function suiteStarted at lib/jasmine-core/jasmine-html.js:45})
1f6c91de7ce788126ac59040bc803b22acbbab58,MOVE_RENAME,{Function argCloner at src/core/CallTracker.js:10},{Function cloneArgs at src/core/util.js:58})
2710bdfc5e229547c4796b6128a9113e2e0f07e4,EXTRACT_MOVE,{Function format at src/core/PrettyPrinter.js:8},{Function toString at spec/core/PrettyPrintSpec.js:195})
dfa8a77dc3546152da7b2f3c294d092b746c7bae,MOVE,{File Any.js at src/core/Any.js:1},{File Any.js at src/core/asymmetric_equality/Any.js:1})
dfa8a77dc3546152da7b2f3c294d092b746c7bae,MOVE,{File ObjectContaining.js at src/core/ObjectContaining.js:1},{File ObjectContaining.js at src/core/asymmetric_equality/ObjectContaining.js:1})
dfa8a77dc3546152da7b2f3c294d092b746c7bae,MOVE,{File Anything.js at src/core/Anything.js:1},{File Anything.js at src/core/asymmetric_equality/Anything.js:1})
dfa8a77dc3546152da7b2f3c294d092b746c7bae,MOVE,{File ObjectContainingSpec.js at spec/core/ObjectContainingSpec.js:1},{File ObjectContainingSpec.js at spec/core/asymmetric_equality/ObjectContainingSpec.js:1})
dfa8a77dc3546152da7b2f3c294d092b746c7bae,MOVE,{File AnySpec.js at spec/core/AnySpec.js:1},{File AnySpec.js at spec/core/asymmetric_equality/AnySpec.js:1})
dfa8a77dc3546152da7b2f3c294d092b746c7bae,MOVE,{File AnythingSpec.js at spec/core/AnythingSpec.js:1},{File AnythingSpec.js at spec/core/asymmetric_equality/AnythingSpec.js:1})
3b8326f1e6c2c6425baa57069390e8a63a95ec48,INTERNAL_MOVE,{Function any at src/core/base.js:45},{Function any at src/core/base.js:40})
3b8326f1e6c2c6425baa57069390e8a63a95ec48,INTERNAL_MOVE,{Function isString_ at src/core/base.js:29},{Function isString_ at src/core/base.js:24})
3b8326f1e6c2c6425baa57069390e8a63a95ec48,INTERNAL_MOVE,{Function isDomNode at src/core/base.js:41},{Function isDomNode at src/core/base.js:36})
3b8326f1e6c2c6425baa57069390e8a63a95ec48,INTERNAL_MOVE,{Function getEnv at lib/jasmine-core/jasmine.js:111},{Function getEnv at lib/jasmine-core/jasmine.js:114})
3b8326f1e6c2c6425baa57069390e8a63a95ec48,INTERNAL_MOVE,{Function getEnv at src/core/base.js:19},{Function getEnv at src/core/base.js:14})
3b8326f1e6c2c6425baa57069390e8a63a95ec48,INTERNAL_MOVE,{Function createSpyObj at lib/jasmine-core/jasmine.js:183},{Function createSpyObj at lib/jasmine-core/jasmine.js:186})
3b8326f1e6c2c6425baa57069390e8a63a95ec48,INTERNAL_MOVE,{Function isSpy at src/core/base.js:83},{Function isSpy at src/core/base.js:78})
3b8326f1e6c2c6425baa57069390e8a63a95ec48,INTERNAL_MOVE,{Function getGlobal at src/core/base.js:15},{Function getGlobal at src/core/base.js:10})
3b8326f1e6c2c6425baa57069390e8a63a95ec48,INTERNAL_MOVE,{Function isA_ at src/core/base.js:37},{Function isA_ at src/core/base.js:32})
3b8326f1e6c2c6425baa57069390e8a63a95ec48,INTERNAL_MOVE,{Function createSpy at src/core/base.js:53},{Function createSpy at src/core/base.js:48})
3b8326f1e6c2c6425baa57069390e8a63a95ec48,INTERNAL_MOVE,{Function objectContaining at lib/jasmine-core/jasmine.js:141},{Function objectContaining at lib/jasmine-core/jasmine.js:144})
3b8326f1e6c2c6425baa57069390e8a63a95ec48,INTERNAL_MOVE,{Function createSpy at lib/jasmine-core/jasmine.js:145},{Function createSpy at lib/jasmine-core/jasmine.js:148})
3b8326f1e6c2c6425baa57069390e8a63a95ec48,INTERNAL_MOVE,{Function createSpyObj at src/core/base.js:91},{Function createSpyObj at src/core/base.js:86})
3b8326f1e6c2c6425baa57069390e8a63a95ec48,INTERNAL_MOVE,{Function getGlobal at lib/jasmine-core/jasmine.js:107},{Function getGlobal at lib/jasmine-core/jasmine.js:110})
3b8326f1e6c2c6425baa57069390e8a63a95ec48,INTERNAL_MOVE,{Function isString_ at lib/jasmine-core/jasmine.js:121},{Function isString_ at lib/jasmine-core/jasmine.js:124})
3b8326f1e6c2c6425baa57069390e8a63a95ec48,INTERNAL_MOVE,{Function objectContaining at src/core/base.js:49},{Function objectContaining at src/core/base.js:44})
3b8326f1e6c2c6425baa57069390e8a63a95ec48,INTERNAL_MOVE,{Function unimplementedMethod_ at lib/jasmine-core/jasmine.js:99},{Function unimplementedMethod_ at lib/jasmine-core/jasmine.js:102})
3b8326f1e6c2c6425baa57069390e8a63a95ec48,INTERNAL_MOVE,{Function any at lib/jasmine-core/jasmine.js:137},{Function any at lib/jasmine-core/jasmine.js:140})
3b8326f1e6c2c6425baa57069390e8a63a95ec48,INTERNAL_MOVE,{Function isArray_ at src/core/base.js:25},{Function isArray_ at src/core/base.js:20})
3b8326f1e6c2c6425baa57069390e8a63a95ec48,INTERNAL_MOVE,{Function isSpy at lib/jasmine-core/jasmine.js:175},{Function isSpy at lib/jasmine-core/jasmine.js:178})
3b8326f1e6c2c6425baa57069390e8a63a95ec48,INTERNAL_MOVE,{Function isArray_ at lib/jasmine-core/jasmine.js:117},{Function isArray_ at lib/jasmine-core/jasmine.js:120})
3b8326f1e6c2c6425baa57069390e8a63a95ec48,INTERNAL_MOVE,{Function isNumber_ at src/core/base.js:33},{Function isNumber_ at src/core/base.js:28})
3b8326f1e6c2c6425baa57069390e8a63a95ec48,INTERNAL_MOVE,{Function isA_ at lib/jasmine-core/jasmine.js:129},{Function isA_ at lib/jasmine-core/jasmine.js:132})
3b8326f1e6c2c6425baa57069390e8a63a95ec48,INTERNAL_MOVE,{Function isNumber_ at lib/jasmine-core/jasmine.js:125},{Function isNumber_ at lib/jasmine-core/jasmine.js:128})
3b8326f1e6c2c6425baa57069390e8a63a95ec48,INTERNAL_MOVE,{Function unimplementedMethod_ at src/core/base.js:7},{Function unimplementedMethod_ at src/core/base.js:2})
3b8326f1e6c2c6425baa57069390e8a63a95ec48,INTERNAL_MOVE,{Function isDomNode at lib/jasmine-core/jasmine.js:133},{Function isDomNode at lib/jasmine-core/jasmine.js:136})
048ab728ec118ae7b0b73d8fbf1c14c44795a026,MOVE,{Function spyOn at lib/jasmine-core/boot.js:90},{Function spyOn at lib/jasmine-core/jasmine.js:2565})
048ab728ec118ae7b0b73d8fbf1c14c44795a026,MOVE,{Function pending at lib/jasmine-core/boot.js:86},{Function pending at lib/jasmine-core/jasmine.js:2561})
048ab728ec118ae7b0b73d8fbf1c14c44795a026,MOVE,{Function describe at lib/jasmine-core/boot.js:58},{Function describe at lib/jasmine-core/jasmine.js:2533})
048ab728ec118ae7b0b73d8fbf1c14c44795a026,MOVE,{Function expect at lib/jasmine-core/boot.js:82},{Function expect at lib/jasmine-core/jasmine.js:2557})
048ab728ec118ae7b0b73d8fbf1c14c44795a026,MOVE,{Function addCustomEqualityTester at lib/jasmine-core/boot.js:111},{Function addCustomEqualityTester at lib/jasmine-core/jasmine.js:2576})
048ab728ec118ae7b0b73d8fbf1c14c44795a026,MOVE,{Function addCustomEqualityTester at lib/jasmine-core/boot/boot.js:89},{Function addCustomEqualityTester at src/core/requireInterface.js:46})
048ab728ec118ae7b0b73d8fbf1c14c44795a026,EXTRACT_MOVE,{Function exports at lib/jasmine-core/node_boot.js:23},{Function interface at lib/jasmine-core/jasmine.js:2531})
048ab728ec118ae7b0b73d8fbf1c14c44795a026,MOVE,{Function it at lib/jasmine-core/boot.js:66},{Function it at lib/jasmine-core/jasmine.js:2541})
048ab728ec118ae7b0b73d8fbf1c14c44795a026,MOVE,{Function beforeEach at lib/jasmine-core/boot.js:74},{Function beforeEach at lib/jasmine-core/jasmine.js:2549})
048ab728ec118ae7b0b73d8fbf1c14c44795a026,MOVE,{Function afterEach at lib/jasmine-core/boot.js:78},{Function afterEach at lib/jasmine-core/jasmine.js:2553})
048ab728ec118ae7b0b73d8fbf1c14c44795a026,MOVE,{Function xit at lib/jasmine-core/boot.js:70},{Function xit at lib/jasmine-core/jasmine.js:2545})
048ab728ec118ae7b0b73d8fbf1c14c44795a026,MOVE,{Function spyOn at lib/jasmine-core/boot/boot.js:68},{Function spyOn at src/core/requireInterface.js:35})
048ab728ec118ae7b0b73d8fbf1c14c44795a026,MOVE,{Function addMatchers at lib/jasmine-core/boot.js:118},{Function addMatchers at lib/jasmine-core/jasmine.js:2580})
048ab728ec118ae7b0b73d8fbf1c14c44795a026,MOVE,{Function xdescribe at lib/jasmine-core/boot.js:62},{Function xdescribe at lib/jasmine-core/jasmine.js:2537})
048ab728ec118ae7b0b73d8fbf1c14c44795a026,MOVE,{Function clock at lib/jasmine-core/boot.js:125},{Function clock at lib/jasmine-core/jasmine.js:2584})
a3c3505086366960c8f07148c66e50b45876b449,EXTRACT_MOVE,{Function afterAll at src/core/Env.js:348},{Function afterAll at lib/jasmine-core/boot/boot.js:64})
a3c3505086366960c8f07148c66e50b45876b449,EXTRACT_MOVE,{Function beforeAll at src/core/Env.js:340},{Function beforeAll at lib/jasmine-core/boot.js:82})
a3c3505086366960c8f07148c66e50b45876b449,EXTRACT_MOVE,{Function beforeAll at lib/jasmine-core/jasmine.js:714},{Function beforeAll at lib/jasmine-core/boot/boot.js:60})
a3c3505086366960c8f07148c66e50b45876b449,EXTRACT_MOVE,{Function afterAll at lib/jasmine-core/jasmine.js:722},{Function afterAll at lib/jasmine-core/boot/boot.js:64})
a3c3505086366960c8f07148c66e50b45876b449,EXTRACT_MOVE,{Function beforeAll at src/core/Env.js:340},{Function beforeAll at lib/jasmine-core/boot/boot.js:60})
a3c3505086366960c8f07148c66e50b45876b449,EXTRACT_MOVE,{Function afterAll at lib/jasmine-core/jasmine.js:722},{Function afterAll at lib/jasmine-core/boot.js:86})
a3c3505086366960c8f07148c66e50b45876b449,EXTRACT_MOVE,{Function afterAll at src/core/Env.js:348},{Function afterAll at lib/jasmine-core/boot.js:86})
a3c3505086366960c8f07148c66e50b45876b449,EXTRACT_MOVE,{Function beforeAll at lib/jasmine-core/jasmine.js:714},{Function beforeAll at lib/jasmine-core/boot.js:82})
3fc79bac9e3097d75fffcfc774ac77743d55e596,MOVE,{Function createDom at src/html/HtmlReporterHelpers.js:3},{Function createDom at src/html/HtmlReporter.js:212})
3fc79bac9e3097d75fffcfc774ac77743d55e596,EXTRACT_MOVE,{Function createDom at src/html/HtmlReporterHelpers.js:3},{Function createTextNode at spec/html/HtmlReporterSpec.js:522})
3fc79bac9e3097d75fffcfc774ac77743d55e596,EXTRACT_MOVE,{Function createDom at lib/jasmine-core/jasmine-html.js:3},{Function createElement at lib/jasmine-core/boot/boot.js:66})
3fc79bac9e3097d75fffcfc774ac77743d55e596,EXTRACT_MOVE,{Function createDom at src/html/HtmlReporterHelpers.js:3},{Function createElement at spec/html/HtmlReporterSpec.js:498})
3fc79bac9e3097d75fffcfc774ac77743d55e596,EXTRACT_MOVE,{Function createDom at src/html/HtmlReporterHelpers.js:3},{Function createElement at spec/html/HtmlReporterSpec.js:281})
3fc79bac9e3097d75fffcfc774ac77743d55e596,EXTRACT_MOVE,{Function createDom at lib/jasmine-core/jasmine-html.js:3},{Function createTextNode at lib/jasmine-core/boot/boot.js:67})
3fc79bac9e3097d75fffcfc774ac77743d55e596,INTERNAL_MOVE,{Function createDom at lib/jasmine-core/jasmine-html.js:3},{Function createDom at lib/jasmine-core/jasmine-html.js:212})
3fc79bac9e3097d75fffcfc774ac77743d55e596,EXTRACT_MOVE,{Function createDom at src/html/HtmlReporterHelpers.js:3},{Function createTextNode at spec/html/HtmlReporterSpec.js:66})
3fc79bac9e3097d75fffcfc774ac77743d55e596,EXTRACT_MOVE,{Function createDom at src/html/HtmlReporterHelpers.js:3},{Function createElement at spec/html/HtmlReporterSpec.js:10})
3fc79bac9e3097d75fffcfc774ac77743d55e596,INLINE,{Function now at src/console/ConsoleReporter.js:123},{Function HtmlReporter at src/html/HtmlReporter.js:1})
3fc79bac9e3097d75fffcfc774ac77743d55e596,EXTRACT_MOVE,{Function createDom at src/html/HtmlReporterHelpers.js:3},{Function createElement at spec/html/HtmlReporterSpec.js:446})
3fc79bac9e3097d75fffcfc774ac77743d55e596,EXTRACT_MOVE,{Function execute at lib/jasmine-core/jasmine.js:1837},{Function complete at lib/jasmine-core/jasmine.js:1631})
3fc79bac9e3097d75fffcfc774ac77743d55e596,EXTRACT_MOVE,{Function createDom at src/html/HtmlReporterHelpers.js:3},{Function createElement at lib/jasmine-core/boot/boot.js:66})
3fc79bac9e3097d75fffcfc774ac77743d55e596,EXTRACT_MOVE,{Function createDom at src/html/HtmlReporterHelpers.js:3},{Function createElement at spec/html/HtmlReporterSpec.js:521})
3fc79bac9e3097d75fffcfc774ac77743d55e596,RENAME,{Function attempt at src/core/Spec.js:43},{Function onException at src/core/Spec.js:53})
3fc79bac9e3097d75fffcfc774ac77743d55e596,INLINE,{Function now at spec/console/ConsoleReporterSpec.js:233},{Function HtmlReporter at src/html/HtmlReporter.js:1})
3fc79bac9e3097d75fffcfc774ac77743d55e596,EXTRACT_MOVE,{Function createDom at src/html/HtmlReporterHelpers.js:3},{Function createElement at spec/html/HtmlReporterSpec.js:115})
3fc79bac9e3097d75fffcfc774ac77743d55e596,EXTRACT_MOVE,{Function createDom at src/html/HtmlReporterHelpers.js:3},{Function createTextNode at spec/html/HtmlReporterSpec.js:139})
3fc79bac9e3097d75fffcfc774ac77743d55e596,EXTRACT_MOVE,{Function createDom at src/html/HtmlReporterHelpers.js:3},{Function createTextNode at lib/jasmine-core/boot/boot.js:67})
3fc79bac9e3097d75fffcfc774ac77743d55e596,EXTRACT_MOVE,{Function execute at src/core/Spec.js:29},{Function complete at lib/jasmine-core/jasmine.js:1755})
3fc79bac9e3097d75fffcfc774ac77743d55e596,EXTRACT_MOVE,{Function createDom at src/html/HtmlReporterHelpers.js:3},{Function createTextNode at spec/html/HtmlReporterSpec.js:45})
3fc79bac9e3097d75fffcfc774ac77743d55e596,EXTRACT_MOVE,{Function createDom at src/html/HtmlReporterHelpers.js:3},{Function createTextNode at spec/html/HtmlReporterSpec.js:354})
3fc79bac9e3097d75fffcfc774ac77743d55e596,EXTRACT_MOVE,{Function createDom at src/html/HtmlReporterHelpers.js:3},{Function createElement at spec/html/HtmlReporterSpec.js:254})
3fc79bac9e3097d75fffcfc774ac77743d55e596,EXTRACT_MOVE,{Function createDom at src/html/HtmlReporterHelpers.js:3},{Function createElement at spec/html/HtmlReporterSpec.js:353})
3fc79bac9e3097d75fffcfc774ac77743d55e596,INTERNAL_MOVE,{Function execute at lib/jasmine-core/jasmine.js:771},{Function execute at lib/jasmine-core/jasmine.js:1580})
3fc79bac9e3097d75fffcfc774ac77743d55e596,RENAME,{Function coloredStr at src/console/ConsoleReporter.js:18},{Function colored at src/console/ConsoleReporter.js:68})
3fc79bac9e3097d75fffcfc774ac77743d55e596,INTERNAL_MOVE_RENAME,{Function attempt at lib/jasmine-core/jasmine.js:1851},{Function onException at lib/jasmine-core/jasmine.js:1618})
3fc79bac9e3097d75fffcfc774ac77743d55e596,EXTRACT_MOVE,{Function createDom at src/html/HtmlReporterHelpers.js:3},{Function createTextNode at spec/html/HtmlReporterSpec.js:87})
3fc79bac9e3097d75fffcfc774ac77743d55e596,EXTRACT_MOVE,{Function createDom at src/html/HtmlReporterHelpers.js:3},{Function createElement at spec/html/HtmlReporterSpec.js:65})
3fc79bac9e3097d75fffcfc774ac77743d55e596,EXTRACT_MOVE,{Function createDom at src/html/HtmlReporterHelpers.js:3},{Function createTextNode at spec/html/HtmlReporterSpec.js:282})
3fc79bac9e3097d75fffcfc774ac77743d55e596,EXTRACT_MOVE,{Function createDom at src/html/HtmlReporterHelpers.js:3},{Function createElement at spec/html/HtmlReporterSpec.js:228})
3fc79bac9e3097d75fffcfc774ac77743d55e596,EXTRACT_MOVE,{Function execute at lib/jasmine-core/jasmine.js:1837},{Function complete at lib/jasmine-core/jasmine.js:1755})
3fc79bac9e3097d75fffcfc774ac77743d55e596,EXTRACT_MOVE,{Function createDom at src/html/HtmlReporterHelpers.js:3},{Function createTextNode at spec/html/HtmlReporterSpec.js:229})
3fc79bac9e3097d75fffcfc774ac77743d55e596,EXTRACT_MOVE,{Function createDom at src/html/HtmlReporterHelpers.js:3},{Function createTextNode at spec/html/HtmlReporterSpec.js:471})
3fc79bac9e3097d75fffcfc774ac77743d55e596,EXTRACT_MOVE,{Function createDom at src/html/HtmlReporterHelpers.js:3},{Function createElement at spec/html/HtmlReporterSpec.js:44})
3fc79bac9e3097d75fffcfc774ac77743d55e596,EXTRACT_MOVE,{Function createDom at src/html/HtmlReporterHelpers.js:3},{Function createTextNode at spec/html/HtmlReporterSpec.js:255})
3fc79bac9e3097d75fffcfc774ac77743d55e596,EXTRACT_MOVE,{Function createDom at src/html/HtmlReporterHelpers.js:3},{Function createElement at spec/html/HtmlReporterSpec.js:86})
3fc79bac9e3097d75fffcfc774ac77743d55e596,EXTRACT_MOVE,{Function createDom at src/html/HtmlReporterHelpers.js:3},{Function createElement at spec/html/HtmlReporterSpec.js:138})
3fc79bac9e3097d75fffcfc774ac77743d55e596,EXTRACT_MOVE,{Function createDom at src/html/HtmlReporterHelpers.js:3},{Function createTextNode at spec/html/HtmlReporterSpec.js:499})
3fc79bac9e3097d75fffcfc774ac77743d55e596,EXTRACT_MOVE,{Function createDom at src/html/HtmlReporterHelpers.js:3},{Function createTextNode at spec/html/HtmlReporterSpec.js:447})
3fc79bac9e3097d75fffcfc774ac77743d55e596,EXTRACT_MOVE,{Function createDom at src/html/HtmlReporterHelpers.js:3},{Function createTextNode at spec/html/HtmlReporterSpec.js:307})
3fc79bac9e3097d75fffcfc774ac77743d55e596,RENAME,{File HTMLReporterSpec.js at spec/html/HTMLReporterSpec.js:1},{File HtmlReporterSpec.js at spec/html/HtmlReporterSpec.js:1})
3fc79bac9e3097d75fffcfc774ac77743d55e596,EXTRACT_MOVE,{Function createDom at src/html/HtmlReporterHelpers.js:3},{Function createTextNode at spec/html/HtmlReporterSpec.js:11})
3fc79bac9e3097d75fffcfc774ac77743d55e596,EXTRACT_MOVE,{Function createDom at src/html/HtmlReporterHelpers.js:3},{Function createElement at spec/html/HtmlReporterSpec.js:306})
3fc79bac9e3097d75fffcfc774ac77743d55e596,EXTRACT_MOVE,{Function createDom at src/html/HtmlReporterHelpers.js:3},{Function createTextNode at spec/html/HtmlReporterSpec.js:116})
3fc79bac9e3097d75fffcfc774ac77743d55e596,EXTRACT_MOVE,{Function createDom at src/html/HtmlReporterHelpers.js:3},{Function createElement at spec/html/HtmlReporterSpec.js:470})
74f928fd5402a9daabb7afb7ed52312abfc6b104,EXTRACT_MOVE,{Function afterEach at src/core/Env.js:275},{Function afterEach at spec/node_performance_suite.js:36})
74f928fd5402a9daabb7afb7ed52312abfc6b104,EXTRACT_MOVE,{Function describe at src/core/Env.js:233},{Function it at spec/node_performance_suite.js:24})
74f928fd5402a9daabb7afb7ed52312abfc6b104,RENAME,{Function resultCallback at lib/jasmine-core/jasmine.js:614},{Function specResultCallback at lib/jasmine-core/jasmine.js:633})
74f928fd5402a9daabb7afb7ed52312abfc6b104,RENAME,{Function resultCallback at src/core/Env.js:99},{Function specResultCallback at src/core/Env.js:118})
74f928fd5402a9daabb7afb7ed52312abfc6b104,INTERNAL_MOVE,{Function scheduleFunction at lib/jasmine-core/jasmine.js:1560},{Function scheduleFunction at lib/jasmine-core/jasmine.js:2214})
74f928fd5402a9daabb7afb7ed52312abfc6b104,EXTRACT_MOVE,{Function expect at src/core/Env.js:153},{Function expect at spec/node_performance_suite.js:40})
74f928fd5402a9daabb7afb7ed52312abfc6b104,EXTRACT_MOVE,{Function beforeEach at src/core/Env.js:263},{Function beforeEach at spec/node_performance_suite.js:32})
30431a3958df3a9ecad99aec152e155349d9121c,MOVE,{File Song.js at example/src/Song.js:1},{File Song.js at lib/jasmine-core/example/src/Song.js:1})
30431a3958df3a9ecad99aec152e155349d9121c,MOVE,{File jasmine-html.js at lib/jasmine-html.js:1},{File jasmine-html.js at lib/jasmine-core/jasmine-html.js:1})
30431a3958df3a9ecad99aec152e155349d9121c,MOVE,{File Player.js at example/src/Player.js:1},{File Player.js at lib/jasmine-core/example/src/Player.js:1})
30431a3958df3a9ecad99aec152e155349d9121c,MOVE,{File jasmine.js at lib/jasmine.js:1},{File jasmine.js at lib/jasmine-core/jasmine.js:1})
30431a3958df3a9ecad99aec152e155349d9121c,MOVE,{File json2.js at lib/json2.js:1},{File json2.js at lib/jasmine-core/json2.js:1})
30431a3958df3a9ecad99aec152e155349d9121c,MOVE,{File SpecHelper.js at example/spec/SpecHelper.js:1},{File SpecHelper.js at lib/jasmine-core/example/spec/SpecHelper.js:1})
30431a3958df3a9ecad99aec152e155349d9121c,MOVE,{File PlayerSpec.js at example/spec/PlayerSpec.js:1},{File PlayerSpec.js at lib/jasmine-core/example/spec/PlayerSpec.js:1})
f41af6c2d029e2a0756ba90fe18e82f15e582a87,RENAME,{Function isVendorFile at jshint/run.js:6},{Function isExcluded at jshint/run.js:6})
f9d73761bb0eaf5a38d522c7d5b0557efc693cd1,RENAME,{Function addMatcher at lib/jasmine-0.10.0.js:1006},{Function matcherFn_ at lib/jasmine-0.10.0.js:1006})
f9d73761bb0eaf5a38d522c7d5b0557efc693cd1,RENAME,{Function addMatcher at src/Matchers.js:27},{Function matcherFn_ at src/Matchers.js:27})
b67d2a265d8c2f2b4fd302b03c1d809cab072f71,EXTRACT,{Function report at lib/jasmine-0.10.0.js:990},{Function addMatcherResult at lib/jasmine-0.10.0.js:1858})
b67d2a265d8c2f2b4fd302b03c1d809cab072f71,EXTRACT_MOVE,{Function report at src/Matchers.js:22},{Function addMatcherResult at lib/jasmine-0.10.0.js:1858})
3109e7a4bb171a07e389e7005e1cbf4b91092567,RENAME,{File jasmine-0.9.0.js at lib/jasmine-0.9.0.js:1},{File jasmine-0.10.0.js at lib/jasmine-0.10.0.js:1})
9475de28b306cc5498ad6dbb9e632bc57e5be1e8,EXTRACT_MOVE,{Function getResults at src/Suite.js:45},{Function getResults at lib/jasmine.js:1834})
9475de28b306cc5498ad6dbb9e632bc57e5be1e8,EXTRACT_MOVE,{Function start at src/Queue.js:10},{Function onComplete at lib/jasmine.js:1467})
9475de28b306cc5498ad6dbb9e632bc57e5be1e8,EXTRACT_MOVE,{Function start at src/Queue.js:10},{Function onComplete at src/Queue.js:3})
9475de28b306cc5498ad6dbb9e632bc57e5be1e8,EXTRACT,{Function next at lib/jasmine.js:890},{Function _next at lib/jasmine.js:890})
9475de28b306cc5498ad6dbb9e632bc57e5be1e8,RENAME,{Function next at src/Block.js:15},{Function _next at src/Block.js:15})
9475de28b306cc5498ad6dbb9e632bc57e5be1e8,RENAME,{Function next at src/Queue.js:24},{Function _next at src/Queue.js:39})
9475de28b306cc5498ad6dbb9e632bc57e5be1e8,EXTRACT_MOVE,{Function start at lib/jasmine.js:1474},{Function onComplete at lib/jasmine.js:1467})
9475de28b306cc5498ad6dbb9e632bc57e5be1e8,EXTRACT_MOVE,{Function execute at src/WaitsBlock.js:8},{Function _next at src/Suite.js:60})
9475de28b306cc5498ad6dbb9e632bc57e5be1e8,EXTRACT_MOVE,{Function getResults at src/Suite.js:45},{Function getResults at src/Queue.js:49})
9475de28b306cc5498ad6dbb9e632bc57e5be1e8,RENAME,{Function next at lib/jasmine.js:1488},{Function _next at lib/jasmine.js:1503})
9475de28b306cc5498ad6dbb9e632bc57e5be1e8,EXTRACT_MOVE,{Function execute at src/WaitsForBlock.js:13},{Function _next at src/Suite.js:60})
a1a278ee6973b30d4c6392a655906e46090b3695,EXTRACT,{Function addToQueue at src/Spec.js:35},{Function setNextOnLastInQueue at src/Spec.js:61})
a1a278ee6973b30d4c6392a655906e46090b3695,EXTRACT_MOVE,{Function addToQueue at src/Spec.js:35},{Function setNextOnLastInQueue at lib/jasmine.js:1318})
a1a278ee6973b30d4c6392a655906e46090b3695,MOVE,{Function fail at src/QueuedFunction.js:82},{Function fail at src/Block.js:29})
a1a278ee6973b30d4c6392a655906e46090b3695,MOVE_RENAME,{Function executeNowOrLater at lib/jasmine.js:1574},{Function execute at src/WaitsForBlock.js:13})
a1a278ee6973b30d4c6392a655906e46090b3695,MOVE_RENAME,{Function safeExecute at lib/jasmine.js:1553},{Function execute at src/Block.js:19})
a1a278ee6973b30d4c6392a655906e46090b3695,INLINE,{Function executeNow at lib/jasmine.js:1565},{Function execute at src/WaitsForBlock.js:13})
a1a278ee6973b30d4c6392a655906e46090b3695,MOVE,{Function execute at src/QueuedFunction.js:36},{Function execute at lib/jasmine.js:1908})
a1a278ee6973b30d4c6392a655906e46090b3695,EXTRACT,{Function addToQueue at lib/jasmine.js:1710},{Function setNextOnLastInQueue at lib/jasmine.js:1318})
19241ed03df9a5a8af1d80aa04836391b256dd44,EXTRACT_MOVE,{Function format at src/PrettyPrinter.js:14},{Function emitString at lib/jasmine.js:1550})
19241ed03df9a5a8af1d80aa04836391b256dd44,EXTRACT,{Function format at src/PrettyPrinter.js:14},{Function emitString at src/PrettyPrinter.js:79})