40e92650bb97b736b8e29c5de35c1c29ebd625ef,EXTRACT_MOVE,{Function request at lib/http.js:52},{Function request at lib/_http_agent.js:215})
40e92650bb97b736b8e29c5de35c1c29ebd625ef,EXTRACT_MOVE,{Function get at lib/http.js:72},{Function get at lib/_http_agent.js:240})
951e0b69fa3c8b1a5d708e29de9d6f7d1db79827,MOVE,{Function abort at lib/http.js:160},{Function abort at lib/_http_client.js:148})
951e0b69fa3c8b1a5d708e29de9d6f7d1db79827,MOVE,{Function _deferToConnect at lib/http.js:439},{Function _deferToConnect at lib/_http_client.js:427})
951e0b69fa3c8b1a5d708e29de9d6f7d1db79827,MOVE,{Function setTimeout at lib/http.js:468},{Function setTimeout at lib/_http_client.js:456})
951e0b69fa3c8b1a5d708e29de9d6f7d1db79827,MOVE,{Function socketCloseListener at lib/http.js:180},{Function socketCloseListener at lib/_http_client.js:168})
951e0b69fa3c8b1a5d708e29de9d6f7d1db79827,MOVE,{Function _implicitHeader at lib/http.js:155},{Function _implicitHeader at lib/_http_client.js:143})
951e0b69fa3c8b1a5d708e29de9d6f7d1db79827,MOVE,{Function ClientRequest at lib/http.js:55},{Function ClientRequest at lib/_http_client.js:43})
951e0b69fa3c8b1a5d708e29de9d6f7d1db79827,MOVE,{Function socketErrorListener at lib/http.js:216},{Function socketErrorListener at lib/_http_client.js:204})
951e0b69fa3c8b1a5d708e29de9d6f7d1db79827,MOVE,{Function responseOnEnd at lib/http.js:376},{Function responseOnEnd at lib/_http_client.js:364})
951e0b69fa3c8b1a5d708e29de9d6f7d1db79827,MOVE,{Function createHangUpError at lib/http.js:173},{Function createHangUpError at lib/_http_client.js:161})
951e0b69fa3c8b1a5d708e29de9d6f7d1db79827,MOVE,{Function parserOnIncomingClient at lib/http.js:306},{Function parserOnIncomingClient at lib/_http_client.js:294})
951e0b69fa3c8b1a5d708e29de9d6f7d1db79827,MOVE,{Function socketOnData at lib/http.js:254},{Function socketOnData at lib/_http_client.js:242})
951e0b69fa3c8b1a5d708e29de9d6f7d1db79827,MOVE,{Function onSocket at lib/http.js:403},{Function onSocket at lib/_http_client.js:391})
951e0b69fa3c8b1a5d708e29de9d6f7d1db79827,MOVE,{Function setNoDelay at lib/http.js:499},{Function setNoDelay at lib/_http_client.js:487})
951e0b69fa3c8b1a5d708e29de9d6f7d1db79827,MOVE,{Function socketOnEnd at lib/http.js:236},{Function socketOnEnd at lib/_http_client.js:224})
951e0b69fa3c8b1a5d708e29de9d6f7d1db79827,MOVE,{Function setSocketKeepAlive at lib/http.js:502},{Function setSocketKeepAlive at lib/_http_client.js:490})
951e0b69fa3c8b1a5d708e29de9d6f7d1db79827,MOVE,{Function clearTimeout at lib/http.js:506},{Function clearTimeout at lib/_http_client.js:494})
dc9f97b7b99f27eaf21faf29c7df8c9d823ef863,MOVE,{Function _writeRaw at lib/http.js:193},{Function _writeRaw at lib/_http_outgoing.js:119})
dc9f97b7b99f27eaf21faf29c7df8c9d823ef863,MOVE,{Function _send at lib/http.js:176},{Function _send at lib/_http_outgoing.js:102})
dc9f97b7b99f27eaf21faf29c7df8c9d823ef863,MOVE,{Function OutgoingMessage at lib/http.js:129},{Function OutgoingMessage at lib/_http_outgoing.js:55})
dc9f97b7b99f27eaf21faf29c7df8c9d823ef863,MOVE,{Function debug at lib/http.js:32},{Function debug at lib/_http_common.js:33})
dc9f97b7b99f27eaf21faf29c7df8c9d823ef863,MOVE,{Function _storeHeader at lib/http.js:254},{Function _storeHeader at lib/_http_outgoing.js:180})
dc9f97b7b99f27eaf21faf29c7df8c9d823ef863,MOVE,{Function setHeader at lib/http.js:386},{Function setHeader at lib/_http_outgoing.js:312})
dc9f97b7b99f27eaf21faf29c7df8c9d823ef863,MOVE,{Function write at lib/http.js:456},{Function write at lib/_http_outgoing.js:382})
dc9f97b7b99f27eaf21faf29c7df8c9d823ef863,INTERNAL_MOVE,{Function emitTimeout at lib/http.js:1283},{Function emitTimeout at lib/http.js:675})
dc9f97b7b99f27eaf21faf29c7df8c9d823ef863,MOVE,{Function _finish at lib/http.js:656},{Function _finish at lib/_http_outgoing.js:584})
dc9f97b7b99f27eaf21faf29c7df8c9d823ef863,MOVE,{Function _flush at lib/http.js:670},{Function _flush at lib/_http_outgoing.js:605})
dc9f97b7b99f27eaf21faf29c7df8c9d823ef863,MOVE,{Function getHeader at lib/http.js:403},{Function getHeader at lib/_http_outgoing.js:329})
dc9f97b7b99f27eaf21faf29c7df8c9d823ef863,MOVE,{Function destroy at lib/http.js:170},{Function destroy at lib/_http_outgoing.js:96})
dc9f97b7b99f27eaf21faf29c7df8c9d823ef863,MOVE,{Function setTimeout at lib/http.js:1380},{Function setTimeout at lib/_http_outgoing.js:84})
dc9f97b7b99f27eaf21faf29c7df8c9d823ef863,MOVE,{Function utcDate at lib/http.js:117},{Function utcDate at lib/_http_outgoing.js:43})
dc9f97b7b99f27eaf21faf29c7df8c9d823ef863,MOVE,{Function removeHeader at lib/http.js:415},{Function removeHeader at lib/_http_outgoing.js:341})
dc9f97b7b99f27eaf21faf29c7df8c9d823ef863,MOVE,{Function storeHeader at lib/http.js:356},{Function storeHeader at lib/_http_outgoing.js:282})
dc9f97b7b99f27eaf21faf29c7df8c9d823ef863,MOVE,{Function addTrailers at lib/http.js:498},{Function addTrailers at lib/_http_outgoing.js:424})
dc9f97b7b99f27eaf21faf29c7df8c9d823ef863,MOVE,{Function _buffer at lib/http.js:227},{Function _buffer at lib/_http_outgoing.js:153})
dc9f97b7b99f27eaf21faf29c7df8c9d823ef863,MOVE,{Function _renderHeaders at lib/http.js:432},{Function _renderHeaders at lib/_http_outgoing.js:358})
dc9f97b7b99f27eaf21faf29c7df8c9d823ef863,MOVE,{Function end at lib/http.js:522},{Function end at lib/_http_outgoing.js:448})
41b75ca9263f368db790fbdcc3963bb1a8c5cb7e,INTERNAL_MOVE,{Function listening at lib/cluster.js:246},{Function listening at lib/cluster.js:214})
41b75ca9263f368db790fbdcc3963bb1a8c5cb7e,INTERNAL_MOVE,{Function disconnect at lib/cluster.js:448},{Function disconnect at lib/cluster.js:161})
896b2aa7074fc886efd7dd0a397d694763cac7ce,INTERNAL_MOVE,{Function call at lib/util.js:508},{Function call at lib/util.js:571})
af80e7bc6e6f33c582eb1f7d37c7f5bbe9f910f7,MOVE,{Function _internallyPendingBytes at lib/tls.js:772},{Function _internallyPendingBytes at lib/_tls_legacy.js:560})
af80e7bc6e6f33c582eb1f7d37c7f5bbe9f910f7,MOVE,{Function getPeerCertificate at lib/tls.js:573},{Function getPeerCertificate at lib/_tls_legacy.js:361})
af80e7bc6e6f33c582eb1f7d37c7f5bbe9f910f7,MOVE,{Function normalizeConnectArgs at lib/tls.js:1298},{Function normalizeConnectArgs at lib/_tls_wrap.js:467})
af80e7bc6e6f33c582eb1f7d37c7f5bbe9f910f7,MOVE,{Function connect at lib/tls.js:1312},{Function connect at lib/_tls_wrap.js:481})
af80e7bc6e6f33c582eb1f7d37c7f5bbe9f910f7,MOVE,{Function getSession at lib/tls.js:587},{Function getSession at lib/_tls_legacy.js:375})
af80e7bc6e6f33c582eb1f7d37c7f5bbe9f910f7,MOVE,{Function get at lib/tls.js:695},{Function get at lib/_tls_legacy.js:483})
af80e7bc6e6f33c582eb1f7d37c7f5bbe9f910f7,MOVE,{Function use at lib/tls.js:218},{Function use at lib/_tls_legacy.js:31})
af80e7bc6e6f33c582eb1f7d37c7f5bbe9f910f7,MOVE,{Function SecurePair at lib/tls.js:853},{Function SecurePair at lib/_tls_legacy.js:641})
af80e7bc6e6f33c582eb1f7d37c7f5bbe9f910f7,MOVE,{Function SlabBuffer at lib/tls.js:205},{Function SlabBuffer at lib/_tls_legacy.js:18})
af80e7bc6e6f33c582eb1f7d37c7f5bbe9f910f7,MOVE,{Function CleartextStream at lib/tls.js:711},{Function CleartextStream at lib/_tls_legacy.js:499})
af80e7bc6e6f33c582eb1f7d37c7f5bbe9f910f7,MOVE,{Function getCipher at lib/tls.js:603},{Function getCipher at lib/_tls_legacy.js:391})
af80e7bc6e6f33c582eb1f7d37c7f5bbe9f910f7,MOVE,{Function onhandshakedone at lib/tls.js:810},{Function onhandshakedone at lib/_tls_legacy.js:598})
af80e7bc6e6f33c582eb1f7d37c7f5bbe9f910f7,MOVE,{Function destroy at lib/tls.js:971},{Function destroy at lib/_tls_legacy.js:759})
af80e7bc6e6f33c582eb1f7d37c7f5bbe9f910f7,MOVE,{Function SNICallback at lib/tls.js:1270},{Function SNICallback at lib/_tls_wrap.js:439})
af80e7bc6e6f33c582eb1f7d37c7f5bbe9f910f7,MOVE,{Function address at lib/tls.js:741},{Function address at lib/_tls_legacy.js:529})
af80e7bc6e6f33c582eb1f7d37c7f5bbe9f910f7,MOVE,{Function error at lib/tls.js:990},{Function error at lib/_tls_legacy.js:778})
af80e7bc6e6f33c582eb1f7d37c7f5bbe9f910f7,MOVE,{Function maybeInitFinished at lib/tls.js:954},{Function maybeInitFinished at lib/_tls_legacy.js:742})
af80e7bc6e6f33c582eb1f7d37c7f5bbe9f910f7,MOVE,{Function createSecurePair at lib/tls.js:942},{Function createSecurePair at lib/_tls_legacy.js:730})
af80e7bc6e6f33c582eb1f7d37c7f5bbe9f910f7,MOVE,{Function end at lib/tls.js:612},{Function end at lib/_tls_legacy.js:400})
af80e7bc6e6f33c582eb1f7d37c7f5bbe9f910f7,MOVE,{Function init at lib/tls.js:321},{Function init at lib/_tls_legacy.js:134})
af80e7bc6e6f33c582eb1f7d37c7f5bbe9f910f7,MOVE,{Function destroy at lib/tls.js:654},{Function destroy at lib/_tls_legacy.js:442})
af80e7bc6e6f33c582eb1f7d37c7f5bbe9f910f7,MOVE,{Function onclienthello at lib/tls.js:816},{Function onclienthello at lib/_tls_legacy.js:604})
af80e7bc6e6f33c582eb1f7d37c7f5bbe9f910f7,MOVE,{Function _internallyPendingBytes at lib/tls.js:732},{Function _internallyPendingBytes at lib/_tls_legacy.js:520})
af80e7bc6e6f33c582eb1f7d37c7f5bbe9f910f7,MOVE,{Function Server at lib/tls.js:1092},{Function Server at lib/_tls_wrap.js:279})
af80e7bc6e6f33c582eb1f7d37c7f5bbe9f910f7,MOVE,{Function setTimeout at lib/tls.js:530},{Function setTimeout at lib/_tls_legacy.js:343})
af80e7bc6e6f33c582eb1f7d37c7f5bbe9f910f7,MOVE,{Function _done at lib/tls.js:678},{Function _done at lib/_tls_legacy.js:466})
af80e7bc6e6f33c582eb1f7d37c7f5bbe9f910f7,MOVE,{Function destroySoon at lib/tls.js:628},{Function destroySoon at lib/_tls_legacy.js:416})
af80e7bc6e6f33c582eb1f7d37c7f5bbe9f910f7,MOVE,{Function isSessionReused at lib/tls.js:595},{Function isSessionReused at lib/_tls_legacy.js:383})
af80e7bc6e6f33c582eb1f7d37c7f5bbe9f910f7,MOVE,{Function onCryptoStreamEnd at lib/tls.js:308},{Function onCryptoStreamEnd at lib/_tls_legacy.js:121})
af80e7bc6e6f33c582eb1f7d37c7f5bbe9f910f7,MOVE,{Function createServer at lib/tls.js:1208},{Function createServer at lib/_tls_wrap.js:379})
af80e7bc6e6f33c582eb1f7d37c7f5bbe9f910f7,MOVE,{Function addContext at lib/tls.js:1258},{Function addContext at lib/_tls_wrap.js:427})
af80e7bc6e6f33c582eb1f7d37c7f5bbe9f910f7,MOVE,{Function create at lib/tls.js:210},{Function create at lib/_tls_legacy.js:23})
af80e7bc6e6f33c582eb1f7d37c7f5bbe9f910f7,MOVE,{Function setOptions at lib/tls.js:1213},{Function setOptions at lib/_tls_wrap.js:384})
af80e7bc6e6f33c582eb1f7d37c7f5bbe9f910f7,MOVE,{Function onCryptoStreamFinish at lib/tls.js:273},{Function onCryptoStreamFinish at lib/_tls_legacy.js:86})
af80e7bc6e6f33c582eb1f7d37c7f5bbe9f910f7,MOVE,{Function onnewsession at lib/tls.js:843},{Function onnewsession at lib/_tls_legacy.js:631})
af80e7bc6e6f33c582eb1f7d37c7f5bbe9f910f7,MOVE,{Function _writePending at lib/tls.js:414},{Function _writePending at lib/_tls_legacy.js:227})
af80e7bc6e6f33c582eb1f7d37c7f5bbe9f910f7,MOVE,{Function setKeepAlive at lib/tls.js:540},{Function setKeepAlive at lib/_tls_legacy.js:353})
af80e7bc6e6f33c582eb1f7d37c7f5bbe9f910f7,MOVE,{Function setNoDelay at lib/tls.js:535},{Function setNoDelay at lib/_tls_legacy.js:348})
af80e7bc6e6f33c582eb1f7d37c7f5bbe9f910f7,MOVE,{Function onhandshakestart at lib/tls.js:781},{Function onhandshakestart at lib/_tls_legacy.js:569})
af80e7bc6e6f33c582eb1f7d37c7f5bbe9f910f7,MOVE,{Function _read at lib/tls.js:426},{Function _read at lib/_tls_legacy.js:239})
af80e7bc6e6f33c582eb1f7d37c7f5bbe9f910f7,MOVE,{Function _write at lib/tls.js:333},{Function _write at lib/_tls_legacy.js:146})
af80e7bc6e6f33c582eb1f7d37c7f5bbe9f910f7,MOVE,{Function EncryptedStream at lib/tls.js:766},{Function EncryptedStream at lib/_tls_legacy.js:554})
af80e7bc6e6f33c582eb1f7d37c7f5bbe9f910f7,MOVE,{Function CryptoStream at lib/tls.js:244},{Function CryptoStream at lib/_tls_legacy.js:57})
5d2aef17ee56fbbf415ca1e3034cdb02cd97117c,MOVE_RENAME,{Function createCredentials at lib/crypto.js:84},{Function createSecureContext at lib/_tls_common.js:54})
5d2aef17ee56fbbf415ca1e3034cdb02cd97117c,MOVE_RENAME,{Function Credentials at lib/crypto.js:61},{Function SecureContext at lib/_tls_common.js:31})
5d2aef17ee56fbbf415ca1e3034cdb02cd97117c,RENAME,{Function createCredentials at test/simple/test-tls-client-default-ciphers.js:28},{Function createSecureContext at test/simple/test-tls-client-default-ciphers.js:27})
d4fcb23e38e74d21e04b3a17d10e52949b630ec0,INLINE,{Function readInt16 at lib/buffer.js:554},{Function readInt16LE at lib/buffer.js:486})
d4fcb23e38e74d21e04b3a17d10e52949b630ec0,INLINE,{Function readInt16 at lib/buffer.js:554},{Function readInt16BE at lib/buffer.js:495})
ee95e4f5f76cc2ac637ab53056a7c514bc49e13c,INLINE,{Function readInt16 at lib/buffer.js:709},{Function readInt16BE at lib/buffer.js:646})
ee95e4f5f76cc2ac637ab53056a7c514bc49e13c,INLINE,{Function readInt16 at lib/buffer.js:709},{Function readInt16LE at lib/buffer.js:638})
0da4e0e8439a453d197484402f9f14798c6e00d0,EXTRACT,{Function disconnect at lib/child_process.js:471},{Function _disconnect at lib/child_process.js:510})
0da4e0e8439a453d197484402f9f14798c6e00d0,INTERNAL_MOVE,{Function finish at lib/child_process.js:482},{Function finish at lib/child_process.js:517})
0da4e0e8439a453d197484402f9f14798c6e00d0,EXTRACT,{Function send at lib/child_process.js:397},{Function _send at lib/child_process.js:413})
6717fdccb4a3ebf55d87ae5df1e24ebebd4081f1,MOVE,{Function assignSocket at lib/http.js:148},{Function assignSocket at lib/_http_server.js:140})
6717fdccb4a3ebf55d87ae5df1e24ebebd4081f1,MOVE,{Function ServerResponse at lib/http.js:108},{Function ServerResponse at lib/_http_server.js:100})
6717fdccb4a3ebf55d87ae5df1e24ebebd4081f1,MOVE,{Function Server at lib/http.js:748},{Function Server at lib/_http_server.js:244})
6717fdccb4a3ebf55d87ae5df1e24ebebd4081f1,MOVE,{Function ondrain at lib/http.js:737},{Function ondrain at lib/_http_common.js:225})
6717fdccb4a3ebf55d87ae5df1e24ebebd4081f1,MOVE,{Function setTimeout at lib/http.js:772},{Function setTimeout at lib/_http_server.js:268})
6717fdccb4a3ebf55d87ae5df1e24ebebd4081f1,MOVE,{Function writeHead at lib/http.js:174},{Function writeHead at lib/_http_server.js:166})
6717fdccb4a3ebf55d87ae5df1e24ebebd4081f1,MOVE,{Function detachSocket at lib/http.js:158},{Function detachSocket at lib/_http_server.js:150})
6717fdccb4a3ebf55d87ae5df1e24ebebd4081f1,MOVE,{Function httpSocketSetup at lib/http.js:742},{Function httpSocketSetup at lib/_http_common.js:230})
6717fdccb4a3ebf55d87ae5df1e24ebebd4081f1,MOVE,{Function connectionListener at lib/http.js:787},{Function connectionListener at lib/_http_server.js:278})
6717fdccb4a3ebf55d87ae5df1e24ebebd4081f1,MOVE,{Function onServerResponseClose at lib/http.js:127},{Function onServerResponseClose at lib/_http_server.js:119})
6717fdccb4a3ebf55d87ae5df1e24ebebd4081f1,MOVE,{Function writeContinue at lib/http.js:165},{Function writeContinue at lib/_http_server.js:157})
6717fdccb4a3ebf55d87ae5df1e24ebebd4081f1,MOVE,{Function writeHeader at lib/http.js:247},{Function writeHeader at lib/_http_server.js:239})
9b37b83a2079447662e11c8ee8456be298606a2a,INTERNAL_MOVE,{Function callback at lib/zlib.js:472},{Function callback at lib/zlib.js:523})
9b37b83a2079447662e11c8ee8456be298606a2a,EXTRACT,{Function _transform at lib/zlib.js:432},{Function _processChunk at lib/zlib.js:474})
bb56489f21da9d668c279edb45d6a90d03517a30,MOVE,{Function freeParser at lib/http.js:1148},{Function freeParser at lib/_http_common.js:191})
bb56489f21da9d668c279edb45d6a90d03517a30,MOVE,{Function parserOnHeaders at lib/http.js:48},{Function parserOnHeaders at lib/_http_common.js:35})
bb56489f21da9d668c279edb45d6a90d03517a30,MOVE,{Function parserOnBody at lib/http.js:122},{Function parserOnBody at lib/_http_common.js:109})
bb56489f21da9d668c279edb45d6a90d03517a30,MOVE,{Function parserOnHeadersComplete at lib/http.js:62},{Function parserOnHeadersComplete at lib/_http_common.js:49})
bb56489f21da9d668c279edb45d6a90d03517a30,MOVE,{Function parserOnMessageComplete at lib/http.js:141},{Function parserOnMessageComplete at lib/_http_common.js:128})
04f87de3da3b2fcc1367a1e97acf23485fb8c126,INTERNAL_MOVE,{Function close at lib/cluster.js:519},{Function close at lib/cluster.js:508})
04f87de3da3b2fcc1367a1e97acf23485fb8c126,INTERNAL_MOVE,{Function listen at lib/cluster.js:513},{Function listen at lib/cluster.js:501})
04f87de3da3b2fcc1367a1e97acf23485fb8c126,INTERNAL_MOVE,{Function getsockname at lib/cluster.js:530},{Function getsockname at lib/cluster.js:520})
828f14556e0daeae7fdac08fceaa90952de63f73,RENAME,{Function error at lib/domain.js:46},{Function _errorHandler at lib/domain.js:78})
bc39bdd995d70238eea4a217386869d94c69f614,RENAME,{Function _errorHandler at lib/domain.js:78},{Function error at lib/domain.js:49})
bc39bdd995d70238eea4a217386869d94c69f614,EXTRACT,{Function onSocket at lib/_http_client.js:420},{Function tickOnSocket at lib/_http_client.js:420})
5909a9c9bddddaab91693d18a8840d8b300bbc28,MOVE,{Function readStart at lib/http.js:38},{Function readStart at lib/_http_incoming.js:25})
5909a9c9bddddaab91693d18a8840d8b300bbc28,INTERNAL_MOVE,{Function emitTimeout at lib/http.js:1609},{Function emitTimeout at lib/http.js:1460})
5909a9c9bddddaab91693d18a8840d8b300bbc28,MOVE,{Function setTimeout at lib/http.js:1706},{Function setTimeout at lib/_http_incoming.js:80})
5909a9c9bddddaab91693d18a8840d8b300bbc28,MOVE,{Function _dump at lib/http.js:418},{Function _dump at lib/_http_incoming.js:171})
5909a9c9bddddaab91693d18a8840d8b300bbc28,MOVE,{Function readStop at lib/http.js:43},{Function readStop at lib/_http_incoming.js:31})
5909a9c9bddddaab91693d18a8840d8b300bbc28,MOVE,{Function _addHeaderLine at lib/http.js:364},{Function _addHeaderLine at lib/_http_incoming.js:117})
5909a9c9bddddaab91693d18a8840d8b300bbc28,MOVE,{Function _read at lib/http.js:341},{Function _read at lib/_http_incoming.js:94})
5909a9c9bddddaab91693d18a8840d8b300bbc28,MOVE,{Function destroy at lib/http.js:470},{Function destroy at lib/_http_incoming.js:105})
5909a9c9bddddaab91693d18a8840d8b300bbc28,MOVE,{Function IncomingMessage at lib/http.js:286},{Function IncomingMessage at lib/_http_incoming.js:39})
5909a9c9bddddaab91693d18a8840d8b300bbc28,MOVE,{Function read at lib/http.js:334},{Function read at lib/_http_incoming.js:87})
f423287453e914c2668002fc4e6482821625a7ac,INTERNAL_MOVE_RENAME,{Function store at lib/http.js:526},{Function storeHeader at lib/http.js:595})
e722ca32d9822e50954144c123794ee4380f03cb,MOVE,{Function flatten at deps/npm/node_modules/glob/test/bash-comparison.js:107},{Function flatten at deps/npm/node_modules/glob/test/00-setup.js:159})
e722ca32d9822e50954144c123794ee4380f03cb,EXTRACT,{Function rmdir at deps/npm/node_modules/rimraf/rimraf.js:71},{Function rmkids at deps/npm/node_modules/rimraf/rimraf.js:81})
5aef65a98a9427bcd6f41d8f65235bd26883d2d7,MOVE,{Function flatten at deps/npm/node_modules/glob/test/bash-comparison.js:107},{Function flatten at deps/npm/node_modules/glob/test/00-setup.js:159})
5aef65a98a9427bcd6f41d8f65235bd26883d2d7,EXTRACT,{Function rmdir at deps/npm/node_modules/rimraf/rimraf.js:71},{Function rmkids at deps/npm/node_modules/rimraf/rimraf.js:85})
0e01d6398f14074675393a65cf430ea0a7a81ab8,RENAME,{Function _process at lib/zlib.js:374},{Function _transform at lib/zlib.js:364})
1de43149bbb8c42b80cef4c25509390f3b4000cc,RENAME,{Function onHeadersComplete at lib/http.js:65},{Function parserOnHeadersComplete at lib/http.js:58})
1de43149bbb8c42b80cef4c25509390f3b4000cc,RENAME,{Function onHeaders at lib/http.js:51},{Function parserOnHeaders at lib/http.js:44})
1de43149bbb8c42b80cef4c25509390f3b4000cc,RENAME,{Function onMessageComplete at lib/http.js:131},{Function parserOnMessageComplete at lib/http.js:123})
1de43149bbb8c42b80cef4c25509390f3b4000cc,INTERNAL_MOVE,{Function freeParser at lib/http.js:1257},{Function freeParser at lib/http.js:1250})
07d8a4650e9e499d479715b6031cdba7096b7385,INTERNAL_MOVE_RENAME,{Function onend at lib/http.js:1213},{Function socketOnEnd at lib/http.js:1259})
07d8a4650e9e499d479715b6031cdba7096b7385,INTERNAL_MOVE_RENAME,{Function errorListener at lib/http.js:1161},{Function socketErrorListener at lib/http.js:1176})
07d8a4650e9e499d479715b6031cdba7096b7385,INTERNAL_MOVE_RENAME,{Function onIncoming at lib/http.js:1251},{Function parserOnIncomingClient at lib/http.js:1212})
07d8a4650e9e499d479715b6031cdba7096b7385,INTERNAL_MOVE_RENAME,{Function ondata at lib/http.js:1178},{Function socketOnData at lib/http.js:1277})
07d8a4650e9e499d479715b6031cdba7096b7385,INTERNAL_MOVE_RENAME,{Function closeListener at lib/http.js:1227},{Function socketCloseListener at lib/http.js:1152})
a98e845516204f59b682228a96289cd884769242,INTERNAL_MOVE_RENAME,{Function onend at lib/http.js:1372},{Function socketOnEnd at lib/http.js:1383})
a98e845516204f59b682228a96289cd884769242,INTERNAL_MOVE_RENAME,{Function errorListener at lib/http.js:1299},{Function socketErrorListener at lib/http.js:1300})
a98e845516204f59b682228a96289cd884769242,INTERNAL_MOVE_RENAME,{Function closeListener at lib/http.js:1386},{Function socketCloseListener at lib/http.js:1276})
a98e845516204f59b682228a96289cd884769242,INTERNAL_MOVE_RENAME,{Function ondata at lib/http.js:1327},{Function socketOnData at lib/http.js:1401})
a98e845516204f59b682228a96289cd884769242,INTERNAL_MOVE_RENAME,{Function onIncoming at lib/http.js:1415},{Function parserOnIncomingClient at lib/http.js:1336})
5ad0140f487cae31859cc5fe82472420743ed29a,EXTRACT,{Function resume at lib/http.js:296},{Function _emitPending at lib/http.js:308})
2fc528ce009a455a69f5984e62c881a05cd4ca37,RENAME,{Function onMessageComplete at lib/http.js:119},{Function parserOnMessageComplete at lib/http.js:108})
2fc528ce009a455a69f5984e62c881a05cd4ca37,RENAME,{Function onHeadersComplete at lib/http.js:60},{Function parserOnHeadersComplete at lib/http.js:48})
2fc528ce009a455a69f5984e62c881a05cd4ca37,RENAME,{Function onBody at lib/http.js:108},{Function parserOnBody at lib/http.js:97})
2fc528ce009a455a69f5984e62c881a05cd4ca37,INTERNAL_MOVE,{Function freeParser at lib/http.js:1129},{Function freeParser at lib/http.js:1127})
2fc528ce009a455a69f5984e62c881a05cd4ca37,RENAME,{Function onHeaders at lib/http.js:50},{Function parserOnHeaders at lib/http.js:38})
e6b6075024e9f1330575b10d7e6552e1ea6dad56,EXTRACT,{Function onBody at lib/http.js:108},{Function _emitData at lib/http.js:290})
c8bbd13ea8d692f9f28f69cbb7ff321d7b998126,RENAME,{Function build at deps/npm/node_modules/node-gyp/lib/build.js:120},{Function doBuild at deps/npm/node_modules/node-gyp/lib/build.js:163})
c8bbd13ea8d692f9f28f69cbb7ff321d7b998126,RENAME,{Function getVersion at deps/npm/node_modules/node-gyp/lib/configure.js:81},{Function getTargetVersion at deps/npm/node_modules/node-gyp/lib/configure.js:72})
cda3b6ff52e78b61c25f1e04ff9f6f5f5046dec0,EXTRACT_MOVE,{Function setProps at deps/npm/node_modules/fstream/lib/writer.js:212},{Function endChown at deps/npm/node_modules/fstream/lib/writer.js:195})
cda3b6ff52e78b61c25f1e04ff9f6f5f5046dec0,EXTRACT,{Function _read at deps/npm/node_modules/fstream/lib/dir-reader.js:50},{Function emitEntry at deps/npm/node_modules/fstream/lib/dir-reader.js:246})
cda3b6ff52e78b61c25f1e04ff9f6f5f5046dec0,EXTRACT,{Function go at deps/npm/node_modules/node-gyp/lib/install.js:110},{Function download at deps/npm/node_modules/node-gyp/lib/install.js:110})
cda3b6ff52e78b61c25f1e04ff9f6f5f5046dec0,EXTRACT_MOVE,{Function setProps at deps/npm/node_modules/fstream/lib/writer.js:212},{Function endChmod at deps/npm/node_modules/fstream/lib/writer.js:179})
cda3b6ff52e78b61c25f1e04ff9f6f5f5046dec0,MOVE_RENAME,{File npm-get-uid-gid.js at deps/npm/bin/npm-get-uid-gid.js:1},{File get-uid-gid.js at deps/npm/node_modules/uid-number/get-uid-gid.js:1})
cda3b6ff52e78b61c25f1e04ff9f6f5f5046dec0,EXTRACT_MOVE,{Function setProps at deps/npm/node_modules/fstream/lib/writer.js:212},{Function endUtimes at deps/npm/node_modules/fstream/lib/writer.js:215})
cda3b6ff52e78b61c25f1e04ff9f6f5f5046dec0,MOVE,{File uid-number.js at deps/npm/lib/utils/uid-number.js:1},{File uid-number.js at deps/npm/node_modules/uid-number/uid-number.js:1})
37ac5e52bfaa79be477b4ac123ed05980defe599,EXTRACT_MOVE,{Function setProps at deps/npm/node_modules/fstream/lib/writer.js:221},{Function endUtimes at deps/npm/node_modules/fstream/lib/writer.js:215})
37ac5e52bfaa79be477b4ac123ed05980defe599,MOVE_RENAME,{File npm-get-uid-gid.js at deps/npm/bin/npm-get-uid-gid.js:1},{File get-uid-gid.js at deps/npm/node_modules/uid-number/get-uid-gid.js:1})
37ac5e52bfaa79be477b4ac123ed05980defe599,EXTRACT_MOVE,{Function setProps at deps/npm/node_modules/fstream/lib/writer.js:221},{Function endChmod at deps/npm/node_modules/fstream/lib/writer.js:179})
37ac5e52bfaa79be477b4ac123ed05980defe599,EXTRACT,{Function rawRead at deps/npm/node_modules/read/lib/read.js:107},{Function raw at deps/npm/node_modules/read/lib/read.js:8})
37ac5e52bfaa79be477b4ac123ed05980defe599,EXTRACT_MOVE,{Function setProps at deps/npm/node_modules/fstream/lib/writer.js:221},{Function endChown at deps/npm/node_modules/fstream/lib/writer.js:195})
37ac5e52bfaa79be477b4ac123ed05980defe599,MOVE,{File uid-number.js at deps/npm/lib/utils/uid-number.js:1},{File uid-number.js at deps/npm/node_modules/uid-number/uid-number.js:1})
67f1778065b4f1d96a59f5290c57061c1808feb8,EXTRACT,{Function go at deps/npm/node_modules/node-gyp/lib/install.js:110},{Function download at deps/npm/node_modules/node-gyp/lib/install.js:110})
d4d45a175785832a4eb22e8ddb9887f8db66e782,INTERNAL_MOVE,{Function callback at deps/npm/node_modules/request/main.js:107},{Function callback at deps/npm/node_modules/request/main.js:116})
d4d45a175785832a4eb22e8ddb9887f8db66e782,INTERNAL_MOVE,{Function clientErrorHandler at deps/npm/node_modules/request/main.js:186},{Function clientErrorHandler at deps/npm/node_modules/request/main.js:179})
d4d45a175785832a4eb22e8ddb9887f8db66e782,INTERNAL_MOVE,{Function pipeDest at deps/npm/node_modules/request/main.js:416},{Function pipeDest at deps/npm/node_modules/request/main.js:478})
d4d45a175785832a4eb22e8ddb9887f8db66e782,INTERNAL_MOVE,{Function start at deps/npm/node_modules/request/main.js:343},{Function start at deps/npm/node_modules/request/main.js:323})
ca0986fbd1a8ade47f3160853a257b6ae83a2151,INTERNAL_MOVE,{Function callback at deps/npm/node_modules/request/main.js:107},{Function callback at deps/npm/node_modules/request/main.js:116})
ca0986fbd1a8ade47f3160853a257b6ae83a2151,INTERNAL_MOVE,{Function start at deps/npm/node_modules/request/main.js:343},{Function start at deps/npm/node_modules/request/main.js:323})
ca0986fbd1a8ade47f3160853a257b6ae83a2151,INTERNAL_MOVE,{Function clientErrorHandler at deps/npm/node_modules/request/main.js:186},{Function clientErrorHandler at deps/npm/node_modules/request/main.js:179})
ca0986fbd1a8ade47f3160853a257b6ae83a2151,INTERNAL_MOVE,{Function pipeDest at deps/npm/node_modules/request/main.js:416},{Function pipeDest at deps/npm/node_modules/request/main.js:478})
e10ed097cb3b506009ab28af4dec93402aa48693,EXTRACT_MOVE,{Function existsSync at lib/path.js:411},{Function existsSync at lib/fs.js:80})
e10ed097cb3b506009ab28af4dec93402aa48693,EXTRACT_MOVE,{Function exists at lib/path.js:404},{Function exists at lib/fs.js:74})
dc0556c8cde5a3b81a1f7a85e29171e252dcc85f,EXTRACT,{Function destroy at lib/net_uv.js:114},{Function close at lib/net_uv.js:444})
59f7232a302687754a3df577a0e3f1b04933445f,INLINE,{Function runThirdPartyMain at src/node.js:304},{Function startup at src/node.js:30})
59f7232a302687754a3df577a0e3f1b04933445f,INLINE,{Function runDebugger at src/node.js:318},{Function startup at src/node.js:30})
59f7232a302687754a3df577a0e3f1b04933445f,INLINE,{Function runEval at src/node.js:349},{Function startup at src/node.js:30})
59f7232a302687754a3df577a0e3f1b04933445f,INLINE,{Function runScript at src/node.js:329},{Function startup at src/node.js:30})
59f7232a302687754a3df577a0e3f1b04933445f,INLINE,{Function runRepl at src/node.js:362},{Function startup at src/node.js:30})
55bff5bab90903783751677ff17b0fab1cd8157f,RENAME,{Function _maybeInitFinished at lib/tls.js:589},{Function maybeInitFinished at lib/tls.js:580})
55bff5bab90903783751677ff17b0fab1cd8157f,RENAME,{Function _error at lib/tls.js:620},{Function error at lib/tls.js:609})
55bff5bab90903783751677ff17b0fab1cd8157f,RENAME,{Function _cycle at lib/tls.js:538},{Function cycle at lib/tls.js:534})
55bff5bab90903783751677ff17b0fab1cd8157f,RENAME,{Function _destroy at lib/tls.js:598},{Function destroy at lib/tls.js:589})
80174392bbcec0cec1c79628fb09af351a6488aa,MOVE,{Function createCredentials at lib/net.js:402},{Function createCredentials at lib/crypto.js:23})
80174392bbcec0cec1c79628fb09af351a6488aa,MOVE,{Function Credentials at lib/net.js:393},{Function Credentials at lib/crypto.js:14})
d923c94a0ca6ca4aa23318013de443dbb83398cb,MOVE,{Function reverse at lib/dns_cares.js:124},{Function reverse at lib/dns.js:124})
d923c94a0ca6ca4aa23318013de443dbb83398cb,MOVE,{Function resolve6 at lib/dns_cares.js:121},{Function resolve6 at lib/dns.js:121})
d923c94a0ca6ca4aa23318013de443dbb83398cb,MOVE,{Function lookup at lib/dns_cares.js:96},{Function lookup at lib/dns.js:96})
d923c94a0ca6ca4aa23318013de443dbb83398cb,MOVE,{Function SOCK_STATE_CB at lib/dns_cares.js:35},{Function SOCK_STATE_CB at lib/dns.js:35})
d923c94a0ca6ca4aa23318013de443dbb83398cb,MOVE,{Function callback at lib/dns_cares.js:10},{Function callback at lib/dns.js:10})
d923c94a0ca6ca4aa23318013de443dbb83398cb,MOVE,{Function resolveSrv at lib/dns_cares.js:123},{Function resolveSrv at lib/dns.js:123})
d923c94a0ca6ca4aa23318013de443dbb83398cb,MOVE,{Function updateTimer at lib/dns_cares.js:21},{Function updateTimer at lib/dns.js:21})
d923c94a0ca6ca4aa23318013de443dbb83398cb,MOVE,{Function resolve4 at lib/dns_cares.js:120},{Function resolve4 at lib/dns.js:120})
d923c94a0ca6ca4aa23318013de443dbb83398cb,MOVE,{Function resolveTxt at lib/dns_cares.js:122},{Function resolveTxt at lib/dns.js:122})
d923c94a0ca6ca4aa23318013de443dbb83398cb,MOVE,{Function getHostByName at lib/dns_cares.js:91},{Function getHostByName at lib/dns.js:91})
d923c94a0ca6ca4aa23318013de443dbb83398cb,MOVE,{Function resolveNs at lib/dns_cares.js:125},{Function resolveNs at lib/dns.js:125})
50c70ac7149907f00cea01dfb39703590c54de42,EXTRACT,{Function forceClose at lib/fs.js:550},{Function destroy at lib/fs.js:561})
50c70ac7149907f00cea01dfb39703590c54de42,INTERNAL_MOVE,{Function close at lib/fs.js:554},{Function close at lib/fs.js:565})
50c70ac7149907f00cea01dfb39703590c54de42,EXTRACT,{Function close at lib/http.js:375},{Function end at lib/http.js:385})
50c70ac7149907f00cea01dfb39703590c54de42,EXTRACT,{Function close at lib/fs.js:694},{Function end at lib/fs.js:716})
50c70ac7149907f00cea01dfb39703590c54de42,EXTRACT_MOVE,{Function forceClose at lib/net.js:663},{Function destroy at lib/fs.js:561})
50c70ac7149907f00cea01dfb39703590c54de42,EXTRACT,{Function forceClose at lib/fs.js:701},{Function destroy at lib/fs.js:561})
50c70ac7149907f00cea01dfb39703590c54de42,EXTRACT,{Function close at lib/net.js:713},{Function end at lib/net.js:733})
50c70ac7149907f00cea01dfb39703590c54de42,EXTRACT,{Function forceClose at lib/net.js:663},{Function destroy at lib/net.js:674})
b9106b0ecdb712ecae9b0030c0f2c3f14803fa8d,INTERNAL_MOVE_RENAME,{Function doListen at lib/net.js:800},{Function _doListen at lib/net.js:856})