16746e9b1eca8e5cbf0b2fb9f8e412a5ad26e95a,INTERNAL_MOVE,{Function genCSS at lib/less/tree/element.js:32},{Function genCSS at lib/less/tree/element.js:33})
16746e9b1eca8e5cbf0b2fb9f8e412a5ad26e95a,INTERNAL_MOVE,{Function genCSS at lib/less/tree/quoted.js:12},{Function genCSS at lib/less/tree/quoted.js:13})
16746e9b1eca8e5cbf0b2fb9f8e412a5ad26e95a,INTERNAL_MOVE,{Function accept at lib/less/tree/assignment.js:9},{Function accept at lib/less/tree/assignment.js:10})
16746e9b1eca8e5cbf0b2fb9f8e412a5ad26e95a,INTERNAL_MOVE,{Function clamp at lib/less/tree/color.js:188},{Function clamp at lib/less/tree/color.js:31})
16746e9b1eca8e5cbf0b2fb9f8e412a5ad26e95a,INTERNAL_MOVE,{Function eval at lib/less/tree/alpha.js:11},{Function eval at lib/less/tree/alpha.js:12})
16746e9b1eca8e5cbf0b2fb9f8e412a5ad26e95a,INTERNAL_MOVE,{Function compare at lib/less/tree/quoted.js:32},{Function compare at lib/less/tree/quoted.js:32})
16746e9b1eca8e5cbf0b2fb9f8e412a5ad26e95a,INTERNAL_MOVE,{Function genCSS at lib/less/tree/selector.js:104},{Function genCSS at lib/less/tree/selector.js:104})
16746e9b1eca8e5cbf0b2fb9f8e412a5ad26e95a,INTERNAL_MOVE,{Function genCSS at lib/less/tree/comment.js:10},{Function genCSS at lib/less/tree/comment.js:11})
16746e9b1eca8e5cbf0b2fb9f8e412a5ad26e95a,INTERNAL_MOVE,{Function genCSS at lib/less/tree/assignment.js:18},{Function genCSS at lib/less/tree/assignment.js:19})
16746e9b1eca8e5cbf0b2fb9f8e412a5ad26e95a,INTERNAL_MOVE,{Function normalizePath at lib/less/env.js:97},{Function normalizePath at lib/less/env.js:108})
16746e9b1eca8e5cbf0b2fb9f8e412a5ad26e95a,INTERNAL_MOVE,{Function usedUnits at lib/less/tree/unit.js:67},{Function usedUnits at lib/less/tree/unit.js:59})
16746e9b1eca8e5cbf0b2fb9f8e412a5ad26e95a,INTERNAL_MOVE,{Function compare at lib/less/tree/keyword.js:12},{Function compare at lib/less/tree/keyword.js:10})
16746e9b1eca8e5cbf0b2fb9f8e412a5ad26e95a,INTERNAL_MOVE,{Function match at lib/less/tree/selector.js:33},{Function match at lib/less/tree/selector.js:33})
16746e9b1eca8e5cbf0b2fb9f8e412a5ad26e95a,INTERNAL_MOVE,{Function accept at lib/less/tree/condition.js:12},{Function accept at lib/less/tree/condition.js:12})
16746e9b1eca8e5cbf0b2fb9f8e412a5ad26e95a,INTERNAL_MOVE,{Function variable at lib/less/tree/directive.js:58},{Function variable at lib/less/tree/directive.js:58})
16746e9b1eca8e5cbf0b2fb9f8e412a5ad26e95a,INTERNAL_MOVE,{Function genCSS at lib/less/tree/expression.js:38},{Function genCSS at lib/less/tree/expression.js:40})
16746e9b1eca8e5cbf0b2fb9f8e412a5ad26e95a,INTERNAL_MOVE,{Function accept at lib/less/tree/operation.js:10},{Function accept at lib/less/tree/operation.js:12})
16746e9b1eca8e5cbf0b2fb9f8e412a5ad26e95a,INTERNAL_MOVE,{Function resetCache at lib/less/tree/ruleset.js:202},{Function resetCache at lib/less/tree/ruleset.js:210})
16746e9b1eca8e5cbf0b2fb9f8e412a5ad26e95a,MOVE,{Function fround at lib/less/tree.js:136},{Function fround at lib/less/tree/node.js:30})
16746e9b1eca8e5cbf0b2fb9f8e412a5ad26e95a,INTERNAL_MOVE,{Function Definition at lib/less/tree/mixin-definition.js:3},{Function Definition at lib/less/tree/mixin-definition.js:8})
16746e9b1eca8e5cbf0b2fb9f8e412a5ad26e95a,INTERNAL_MOVE,{Function find at lib/less/tree/directive.js:59},{Function find at lib/less/tree/directive.js:59})
16746e9b1eca8e5cbf0b2fb9f8e412a5ad26e95a,INTERNAL_MOVE,{Function map at lib/less/tree/unit.js:55},{Function map at lib/less/tree/unit.js:48})
16746e9b1eca8e5cbf0b2fb9f8e412a5ad26e95a,INTERNAL_MOVE,{Function eval at lib/less/tree/element.js:26},{Function eval at lib/less/tree/element.js:27})
16746e9b1eca8e5cbf0b2fb9f8e412a5ad26e95a,INTERNAL_MOVE,{Function eval at lib/less/tree/directive.js:46},{Function eval at lib/less/tree/directive.js:46})
16746e9b1eca8e5cbf0b2fb9f8e412a5ad26e95a,INTERNAL_MOVE,{Function fromKeyword at lib/less/tree/color.js:166},{Function fromKeyword at lib/less/tree/color.js:175})
16746e9b1eca8e5cbf0b2fb9f8e412a5ad26e95a,INTERNAL_MOVE,{Function accept at lib/less/tree/import.js:42},{Function accept at lib/less/tree/import.js:48})
16746e9b1eca8e5cbf0b2fb9f8e412a5ad26e95a,INTERNAL_MOVE,{Function JavaScript at lib/less/tree/javascript.js:3},{Function JavaScript at lib/less/tree/javascript.js:6})
16746e9b1eca8e5cbf0b2fb9f8e412a5ad26e95a,INTERNAL_MOVE,{Function isLength at lib/less/tree/unit.js:43},{Function isLength at lib/less/tree/unit.js:39})
16746e9b1eca8e5cbf0b2fb9f8e412a5ad26e95a,INTERNAL_MOVE,{Function Extend at lib/less/tree/extend.js:3},{Function Extend at lib/less/tree/extend.js:3})
16746e9b1eca8e5cbf0b2fb9f8e412a5ad26e95a,INTERNAL_MOVE,{Function evalCall at lib/less/tree/mixin-definition.js:114},{Function evalCall at lib/less/tree/mixin-definition.js:114})
16746e9b1eca8e5cbf0b2fb9f8e412a5ad26e95a,INTERNAL_MOVE,{Function Media at lib/less/tree/media.js:3},{Function Media at lib/less/tree/media.js:9})
16746e9b1eca8e5cbf0b2fb9f8e412a5ad26e95a,INTERNAL_MOVE,{Function isRulesetLike at lib/less/tree/anonymous.js:29},{Function isRulesetLike at lib/less/tree/anonymous.js:29})
16746e9b1eca8e5cbf0b2fb9f8e412a5ad26e95a,MOVE,{Function asComment at lib/less/tree.js:23},{Function asComment at lib/less/tree/debug-info.js:19})
16746e9b1eca8e5cbf0b2fb9f8e412a5ad26e95a,INTERNAL_MOVE,{Function find at lib/less/tree/ruleset.js:241},{Function find at lib/less/tree/ruleset.js:248})
16746e9b1eca8e5cbf0b2fb9f8e412a5ad26e95a,INTERNAL_MOVE,{Function convertTo at lib/less/tree/dimension.js:124},{Function convertTo at lib/less/tree/dimension.js:123})
16746e9b1eca8e5cbf0b2fb9f8e412a5ad26e95a,INTERNAL_MOVE,{Function Variable at lib/less/tree/variable.js:3},{Function Variable at lib/less/tree/variable.js:3})
16746e9b1eca8e5cbf0b2fb9f8e412a5ad26e95a,INTERNAL_MOVE,{Function accept at lib/less/tree/call.js:14},{Function accept at lib/less/tree/call.js:13})
16746e9b1eca8e5cbf0b2fb9f8e412a5ad26e95a,INTERNAL_MOVE,{Function isRulesetLike at lib/less/tree/directive.js:26},{Function isRulesetLike at lib/less/tree/directive.js:27})
16746e9b1eca8e5cbf0b2fb9f8e412a5ad26e95a,INTERNAL_MOVE_RENAME,{Function Call at lib/less/tree/mixin-call.js:3},{Function MixinCall at lib/less/tree/mixin-call.js:6})
16746e9b1eca8e5cbf0b2fb9f8e412a5ad26e95a,INTERNAL_MOVE,{Function eval at lib/less/tree/condition.js:16},{Function eval at lib/less/tree/condition.js:16})
16746e9b1eca8e5cbf0b2fb9f8e412a5ad26e95a,INTERNAL_MOVE,{Function isEmpty at lib/less/tree/unit.js:47},{Function isEmpty at lib/less/tree/unit.js:42})
16746e9b1eca8e5cbf0b2fb9f8e412a5ad26e95a,INTERNAL_MOVE,{Function rulesets at lib/less/tree/ruleset.js:221},{Function rulesets at lib/less/tree/ruleset.js:229})
16746e9b1eca8e5cbf0b2fb9f8e412a5ad26e95a,INTERNAL_MOVE,{Function genCSS at lib/less/tree/directive.js:32},{Function genCSS at lib/less/tree/directive.js:33})
16746e9b1eca8e5cbf0b2fb9f8e412a5ad26e95a,INTERNAL_MOVE,{Function evalForImport at lib/less/tree/import.js:72},{Function evalForImport at lib/less/tree/import.js:77})
16746e9b1eca8e5cbf0b2fb9f8e412a5ad26e95a,INTERNAL_MOVE,{Function Assignment at lib/less/tree/assignment.js:3},{Function Assignment at lib/less/tree/assignment.js:3})
16746e9b1eca8e5cbf0b2fb9f8e412a5ad26e95a,INTERNAL_MOVE,{Function cancel at lib/less/tree/unit.js:90},{Function cancel at lib/less/tree/unit.js:81})
16746e9b1eca8e5cbf0b2fb9f8e412a5ad26e95a,INTERNAL_MOVE,{Function eval at lib/less/tree/mixin-call.js:20},{Function eval at lib/less/tree/mixin-call.js:23})
16746e9b1eca8e5cbf0b2fb9f8e412a5ad26e95a,MOVE,{Function jsify at lib/less/tree.js:46},{Function jsify at lib/less/tree/js-eval-node.js:45})
16746e9b1eca8e5cbf0b2fb9f8e412a5ad26e95a,INTERNAL_MOVE,{Function genCSS at lib/less/tree/keyword.js:7},{Function genCSS at lib/less/tree/keyword.js:6})
16746e9b1eca8e5cbf0b2fb9f8e412a5ad26e95a,INTERNAL_MOVE,{Function Import at lib/less/tree/import.js:14},{Function Import at lib/less/tree/import.js:20})
16746e9b1eca8e5cbf0b2fb9f8e412a5ad26e95a,INTERNAL_MOVE,{Function evalName at lib/less/tree/rule.js:81},{Function evalName at lib/less/tree/rule.js:16})
16746e9b1eca8e5cbf0b2fb9f8e412a5ad26e95a,INTERNAL_MOVE,{Function evalParams at lib/less/tree/mixin-definition.js:35},{Function evalParams at lib/less/tree/mixin-definition.js:35})
16746e9b1eca8e5cbf0b2fb9f8e412a5ad26e95a,INTERNAL_MOVE,{Function matchArgs at lib/less/tree/mixin-definition.js:142},{Function matchArgs at lib/less/tree/mixin-definition.js:142})
16746e9b1eca8e5cbf0b2fb9f8e412a5ad26e95a,INTERNAL_MOVE,{Function mergeElementsOnToSelectors at lib/less/tree/ruleset.js:558},{Function mergeElementsOnToSelectors at lib/less/tree/ruleset.js:557})
16746e9b1eca8e5cbf0b2fb9f8e412a5ad26e95a,INTERNAL_MOVE,{Function inParenthesis at lib/less/env.js:78},{Function inParenthesis at lib/less/env.js:89})
16746e9b1eca8e5cbf0b2fb9f8e412a5ad26e95a,MOVE_RENAME,{Function eval at lib/less/tree/javascript.js:10},{Function evaluateJavaScript at lib/less/tree/js-eval-node.js:8})
16746e9b1eca8e5cbf0b2fb9f8e412a5ad26e95a,INTERNAL_MOVE,{Function DetachedRuleset at lib/less/tree/detached-ruleset.js:3},{Function DetachedRuleset at lib/less/tree/detached-ruleset.js:4})
16746e9b1eca8e5cbf0b2fb9f8e412a5ad26e95a,INTERNAL_MOVE,{Function markReferenced at lib/less/tree/comment.js:23},{Function markReferenced at lib/less/tree/comment.js:22})
08bd23dc2ae76b4a36504d5b069d8ef7b6467287,INTERNAL_MOVE,{Function find at lib/less/tree/media.js:67},{Function find at lib/less/tree/media.js:67})
08bd23dc2ae76b4a36504d5b069d8ef7b6467287,INTERNAL_MOVE,{Function visitRuleset at lib/less/to-css-visitor.js:80},{Function visitRuleset at lib/less/to-css-visitor.js:80})
08bd23dc2ae76b4a36504d5b069d8ef7b6467287,INTERNAL_MOVE,{Function getIsOutput at lib/less/tree/selector.js:124},{Function getIsOutput at lib/less/tree/selector.js:124})
08bd23dc2ae76b4a36504d5b069d8ef7b6467287,INTERNAL_MOVE,{Function extendFinderVisitor at lib/less/extend-visitor.js:4},{Function extendFinderVisitor at lib/less/extend-visitor.js:4})
08bd23dc2ae76b4a36504d5b069d8ef7b6467287,INTERNAL_MOVE,{Function _mergeRules at lib/less/to-css-visitor.js:179},{Function _mergeRules at lib/less/to-css-visitor.js:179})
08bd23dc2ae76b4a36504d5b069d8ef7b6467287,MOVE,{Function eval at lib/less/tree/element.js:52},{Function eval at lib/less/tree/attribute.js:10})
08bd23dc2ae76b4a36504d5b069d8ef7b6467287,INTERNAL_MOVE,{Function variables at lib/less/tree/mixin.js:181},{Function variables at lib/less/tree/mixin-definition.js:31})
08bd23dc2ae76b4a36504d5b069d8ef7b6467287,INTERNAL_MOVE,{Function hsvhue at lib/less/functions.js:74},{Function hsvhue at lib/less/functions.js:74})
08bd23dc2ae76b4a36504d5b069d8ef7b6467287,INTERNAL_MOVE,{Function Extend at lib/less/tree/extend.js:3},{Function Extend at lib/less/tree/extend.js:3})
08bd23dc2ae76b4a36504d5b069d8ef7b6467287,INTERNAL_MOVE,{Function genCSS at lib/less/tree/directive.js:26},{Function genCSS at lib/less/tree/directive.js:26})
08bd23dc2ae76b4a36504d5b069d8ef7b6467287,INTERNAL_MOVE,{Function genCSS at lib/less/tree/selector.js:104},{Function genCSS at lib/less/tree/selector.js:104})
08bd23dc2ae76b4a36504d5b069d8ef7b6467287,INTERNAL_MOVE,{Function visitSelector at lib/less/extend-visitor.js:196},{Function visitSelector at lib/less/extend-visitor.js:196})
08bd23dc2ae76b4a36504d5b069d8ef7b6467287,INTERNAL_MOVE,{Function isElementValuesEqual at lib/less/extend-visitor.js:297},{Function isElementValuesEqual at lib/less/extend-visitor.js:297})
08bd23dc2ae76b4a36504d5b069d8ef7b6467287,MOVE,{Function Unit at lib/less/tree/dimension.js:190},{Function Unit at lib/less/tree/unit.js:3})
08bd23dc2ae76b4a36504d5b069d8ef7b6467287,INTERNAL_MOVE,{Function matchArgs at lib/less/tree/mixin.js:292},{Function matchArgs at lib/less/tree/mixin-definition.js:142})
08bd23dc2ae76b4a36504d5b069d8ef7b6467287,MOVE,{Function eval at lib/less/tree/mixin.js:21},{Function eval at lib/less/tree/mixin-call.js:20})
08bd23dc2ae76b4a36504d5b069d8ef7b6467287,INTERNAL_MOVE,{Function accept at lib/less/tree/extend.js:25},{Function accept at lib/less/tree/extend.js:25})
08bd23dc2ae76b4a36504d5b069d8ef7b6467287,INTERNAL_MOVE,{Function accept at lib/less/tree/negative.js:8},{Function accept at lib/less/tree/negative.js:8})
08bd23dc2ae76b4a36504d5b069d8ef7b6467287,INTERNAL_MOVE,{Function markReferenced at lib/less/tree/comment.js:23},{Function markReferenced at lib/less/tree/comment.js:23})
08bd23dc2ae76b4a36504d5b069d8ef7b6467287,INTERNAL_MOVE,{Function Keyword at lib/less/tree/keyword.js:3},{Function Keyword at lib/less/tree/keyword.js:3})
08bd23dc2ae76b4a36504d5b069d8ef7b6467287,INTERNAL_MOVE,{Function find at lib/less/tree.js:36},{Function find at lib/less/tree.js:38})
08bd23dc2ae76b4a36504d5b069d8ef7b6467287,INTERNAL_MOVE,{Function toHSL at lib/less/tree/color.js:89},{Function toHSL at lib/less/tree/color.js:89})
08bd23dc2ae76b4a36504d5b069d8ef7b6467287,INTERNAL_MOVE,{Function visitDirectiveOut at lib/less/extend-visitor.js:83},{Function visitDirectiveOut at lib/less/extend-visitor.js:411})
08bd23dc2ae76b4a36504d5b069d8ef7b6467287,INTERNAL_MOVE,{Function getPath at lib/less/tree/import.js:63},{Function getPath at lib/less/tree/import.js:63})
08bd23dc2ae76b4a36504d5b069d8ef7b6467287,INTERNAL_MOVE,{Function convert at lib/less/functions.js:256},{Function convert at lib/less/functions.js:256})
08bd23dc2ae76b4a36504d5b069d8ef7b6467287,INTERNAL_MOVE,{Function convertTo at lib/less/tree/dimension.js:124},{Function convertTo at lib/less/tree/dimension.js:124})
08bd23dc2ae76b4a36504d5b069d8ef7b6467287,INTERNAL_MOVE,{Function isPathRelative at lib/less/env.js:90},{Function isPathRelative at lib/less/env.js:90})
08bd23dc2ae76b4a36504d5b069d8ef7b6467287,INTERNAL_MOVE,{Function visitMixinDefinition at lib/less/to-css-visitor.js:20},{Function visitMixinDefinition at lib/less/to-css-visitor.js:20})
08bd23dc2ae76b4a36504d5b069d8ef7b6467287,INTERNAL_MOVE,{Function visitRule at lib/less/extend-visitor.js:190},{Function visitRule at lib/less/extend-visitor.js:16})
08bd23dc2ae76b4a36504d5b069d8ef7b6467287,INTERNAL_MOVE,{Function visitMixinDefinition at lib/less/join-selector-visitor.js:14},{Function visitMixinDefinition at lib/less/join-selector-visitor.js:14})
08bd23dc2ae76b4a36504d5b069d8ef7b6467287,INTERNAL_MOVE,{Function visitRuleset at lib/less/extend-visitor.js:199},{Function visitRuleset at lib/less/extend-visitor.js:199})
08bd23dc2ae76b4a36504d5b069d8ef7b6467287,INTERNAL_MOVE,{Function visitRuleset at lib/less/extend-visitor.js:22},{Function visitRuleset at lib/less/extend-visitor.js:22})
08bd23dc2ae76b4a36504d5b069d8ef7b6467287,INTERNAL_MOVE,{Function greyscale at lib/less/functions.js:183},{Function greyscale at lib/less/functions.js:183})
08bd23dc2ae76b4a36504d5b069d8ef7b6467287,INTERNAL_MOVE,{Function visitRule at lib/less/import-visitor.js:84},{Function visitRule at lib/less/import-visitor.js:84})
08bd23dc2ae76b4a36504d5b069d8ef7b6467287,INTERNAL_MOVE,{Function operate at lib/less/tree/dimension.js:57},{Function operate at lib/less/tree/dimension.js:57})
08bd23dc2ae76b4a36504d5b069d8ef7b6467287,INTERNAL_MOVE,{Function _minmax at lib/less/functions.js:279},{Function _minmax at lib/less/functions.js:279})
08bd23dc2ae76b4a36504d5b069d8ef7b6467287,INTERNAL_MOVE,{Function colorBlend at lib/less/functions.js:605},{Function colorBlend at lib/less/functions.js:605})
08bd23dc2ae76b4a36504d5b069d8ef7b6467287,INTERNAL_MOVE,{Function hsvvalue at lib/less/functions.js:80},{Function hsvvalue at lib/less/functions.js:80})
08bd23dc2ae76b4a36504d5b069d8ef7b6467287,INTERNAL_MOVE,{Function iscolor at lib/less/functions.js:350},{Function iscolor at lib/less/functions.js:350})
08bd23dc2ae76b4a36504d5b069d8ef7b6467287,MOVE,{Function clone at lib/less/tree/dimension.js:198},{Function clone at lib/less/tree/unit.js:11})
08bd23dc2ae76b4a36504d5b069d8ef7b6467287,INTERNAL_MOVE,{Function eval at lib/less/tree/negative.js:16},{Function eval at lib/less/tree/negative.js:16})
08bd23dc2ae76b4a36504d5b069d8ef7b6467287,INTERNAL_MOVE,{Function jsify at lib/less/tree.js:44},{Function jsify at lib/less/tree.js:46})
08bd23dc2ae76b4a36504d5b069d8ef7b6467287,INTERNAL_MOVE,{Function toHSV at lib/less/tree/color.js:113},{Function toHSV at lib/less/tree/color.js:113})
08bd23dc2ae76b4a36504d5b069d8ef7b6467287,INTERNAL_MOVE,{Function genCSS at lib/less/tree/media.js:23},{Function genCSS at lib/less/tree/media.js:23})
08bd23dc2ae76b4a36504d5b069d8ef7b6467287,INTERNAL_MOVE,{Function genCSS at lib/less/tree/url.js:13},{Function genCSS at lib/less/tree/url.js:13})
08bd23dc2ae76b4a36504d5b069d8ef7b6467287,INTERNAL_MOVE,{Function difference at lib/less/functions.js:650},{Function difference at lib/less/functions.js:650})
08bd23dc2ae76b4a36504d5b069d8ef7b6467287,INTERNAL_MOVE,{Function isEmpty at lib/less/source-map-output.js:95},{Function isEmpty at lib/less/source-map-output.js:95})
08bd23dc2ae76b4a36504d5b069d8ef7b6467287,INTERNAL_MOVE,{Function visitMedia at lib/less/extend-visitor.js:398},{Function visitMedia at lib/less/extend-visitor.js:398})
08bd23dc2ae76b4a36504d5b069d8ef7b6467287,INTERNAL_MOVE,{Function screen at lib/less/functions.js:629},{Function screen at lib/less/functions.js:629})
08bd23dc2ae76b4a36504d5b069d8ef7b6467287,INTERNAL_MOVE,{Function evalParams at lib/less/tree/mixin.js:185},{Function evalParams at lib/less/tree/mixin-definition.js:35})
08bd23dc2ae76b4a36504d5b069d8ef7b6467287,INTERNAL_MOVE,{Function visitDirectiveOut at lib/less/import-visitor.js:92},{Function visitDirectiveOut at lib/less/import-visitor.js:92})
08bd23dc2ae76b4a36504d5b069d8ef7b6467287,INTERNAL_MOVE,{Function Value at lib/less/tree/value.js:3},{Function Value at lib/less/tree/value.js:3})
08bd23dc2ae76b4a36504d5b069d8ef7b6467287,INTERNAL_MOVE,{Function asComment at lib/less/tree.js:21},{Function asComment at lib/less/tree.js:23})
08bd23dc2ae76b4a36504d5b069d8ef7b6467287,INTERNAL_MOVE,{Function Condition at lib/less/tree/condition.js:3},{Function Condition at lib/less/tree/condition.js:3})
08bd23dc2ae76b4a36504d5b069d8ef7b6467287,INTERNAL_MOVE,{Function Directive at lib/less/tree/directive.js:3},{Function Directive at lib/less/tree/directive.js:3})
08bd23dc2ae76b4a36504d5b069d8ef7b6467287,INTERNAL_MOVE,{Function accept at lib/less/tree/detached-ruleset.js:9},{Function accept at lib/less/tree/detached-ruleset.js:9})
08bd23dc2ae76b4a36504d5b069d8ef7b6467287,INTERNAL_MOVE,{Function accept at lib/less/tree/url.js:10},{Function accept at lib/less/tree/url.js:10})
08bd23dc2ae76b4a36504d5b069d8ef7b6467287,INTERNAL_MOVE,{Function mix at lib/less/functions.js:164},{Function mix at lib/less/functions.js:164})
08bd23dc2ae76b4a36504d5b069d8ef7b6467287,INTERNAL_MOVE,{Function round at lib/less/functions.js:259},{Function round at lib/less/functions.js:259})
08bd23dc2ae76b4a36504d5b069d8ef7b6467287,INTERNAL_MOVE,{Function makeImportant at lib/less/tree/rule.js:72},{Function makeImportant at lib/less/tree/rule.js:72})
08bd23dc2ae76b4a36504d5b069d8ef7b6467287,INTERNAL_MOVE,{Function eval at lib/less/tree/call.js:32},{Function eval at lib/less/tree/call.js:32})
08bd23dc2ae76b4a36504d5b069d8ef7b6467287,INTERNAL_MOVE,{Function Selector at lib/less/tree/selector.js:3},{Function Selector at lib/less/tree/selector.js:3})
08bd23dc2ae76b4a36504d5b069d8ef7b6467287,INTERNAL_MOVE,{Function mergeElementsOnToSelectors at lib/less/tree/ruleset.js:533},{Function mergeElementsOnToSelectors at lib/less/tree/ruleset.js:533})
08bd23dc2ae76b4a36504d5b069d8ef7b6467287,INTERNAL_MOVE,{Function visitDirective at lib/less/extend-visitor.js:406},{Function visitDirective at lib/less/extend-visitor.js:406})
08bd23dc2ae76b4a36504d5b069d8ef7b6467287,INTERNAL_MOVE,{Function evalTop at lib/less/tree/media.js:86},{Function evalTop at lib/less/tree/media.js:86})
08bd23dc2ae76b4a36504d5b069d8ef7b6467287,INTERNAL_MOVE,{Function fround at lib/less/functions.js:741},{Function fround at lib/less/functions.js:741})
08bd23dc2ae76b4a36504d5b069d8ef7b6467287,MOVE,{Function is at lib/less/tree/dimension.js:226},{Function is at lib/less/tree/unit.js:39})
08bd23dc2ae76b4a36504d5b069d8ef7b6467287,INTERNAL_MOVE,{Function scaled at lib/less/functions.js:716},{Function scaled at lib/less/functions.js:716})
08bd23dc2ae76b4a36504d5b069d8ef7b6467287,INTERNAL_MOVE,{Function visitDirective at lib/less/extend-visitor.js:79},{Function visitDirective at lib/less/extend-visitor.js:79})
08bd23dc2ae76b4a36504d5b069d8ef7b6467287,INTERNAL_MOVE,{Function Comment at lib/less/tree/comment.js:3},{Function Comment at lib/less/tree/comment.js:3})
08bd23dc2ae76b4a36504d5b069d8ef7b6467287,MOVE,{Function Call at lib/less/tree/mixin.js:4},{Function Call at lib/less/tree/mixin-call.js:3})
08bd23dc2ae76b4a36504d5b069d8ef7b6467287,INTERNAL_MOVE,{Function CacheElements at lib/less/tree/selector.js:53},{Function CacheElements at lib/less/tree/selector.js:53})
08bd23dc2ae76b4a36504d5b069d8ef7b6467287,INTERNAL_MOVE,{Function rgba at lib/less/functions.js:7},{Function rgba at lib/less/functions.js:7})
08bd23dc2ae76b4a36504d5b069d8ef7b6467287,INTERNAL_MOVE,{Function toRGB at lib/less/tree/color.js:85},{Function toRGB at lib/less/tree/color.js:85})
08bd23dc2ae76b4a36504d5b069d8ef7b6467287,INTERNAL_MOVE,{Function variable at lib/less/tree/directive.js:52},{Function variable at lib/less/tree/directive.js:52})
08bd23dc2ae76b4a36504d5b069d8ef7b6467287,INTERNAL_MOVE,{Function eval at lib/less/tree/operation.js:13},{Function eval at lib/less/tree/operation.js:13})
08bd23dc2ae76b4a36504d5b069d8ef7b6467287,INTERNAL_MOVE,{Function Parser at lib/less/parser.js:42},{Function Parser at lib/less/parser.js:35})
08bd23dc2ae76b4a36504d5b069d8ef7b6467287,INTERNAL_MOVE,{Function softlight at lib/less/functions.js:638},{Function softlight at lib/less/functions.js:638})
08bd23dc2ae76b4a36504d5b069d8ef7b6467287,INTERNAL_MOVE,{Function _noop at lib/less/visitor.js:6},{Function _noop at lib/less/visitor.js:6})
08bd23dc2ae76b4a36504d5b069d8ef7b6467287,INTERNAL_MOVE,{Function Import at lib/less/tree/import.js:14},{Function Import at lib/less/tree/import.js:14})
08bd23dc2ae76b4a36504d5b069d8ef7b6467287,INTERNAL_MOVE,{Function Definition at lib/less/tree/mixin.js:153},{Function Definition at lib/less/tree/mixin-definition.js:3})
08bd23dc2ae76b4a36504d5b069d8ef7b6467287,INTERNAL_MOVE,{Function eval at lib/less/tree/expression.js:11},{Function eval at lib/less/tree/expression.js:11})
08bd23dc2ae76b4a36504d5b069d8ef7b6467287,INTERNAL_MOVE,{Function evalImports at lib/less/tree/ruleset.js:159},{Function evalImports at lib/less/tree/ruleset.js:159})
08bd23dc2ae76b4a36504d5b069d8ef7b6467287,INTERNAL_MOVE,{Function ispercentage at lib/less/functions.js:368},{Function ispercentage at lib/less/functions.js:368})
08bd23dc2ae76b4a36504d5b069d8ef7b6467287,INTERNAL_MOVE,{Function visitRulesetOut at lib/less/import-visitor.js:106},{Function visitRulesetOut at lib/less/import-visitor.js:106})
08bd23dc2ae76b4a36504d5b069d8ef7b6467287,INTERNAL_MOVE,{Function visit at lib/less/visitor.js:44},{Function visit at lib/less/visitor.js:44})
08bd23dc2ae76b4a36504d5b069d8ef7b6467287,INTERNAL_MOVE,{Function lighten at lib/less/functions.js:117},{Function lighten at lib/less/functions.js:117})
08bd23dc2ae76b4a36504d5b069d8ef7b6467287,INTERNAL_MOVE,{Function Dimension at lib/less/tree/dimension.js:6},{Function Dimension at lib/less/tree/dimension.js:6})
08bd23dc2ae76b4a36504d5b069d8ef7b6467287,INTERNAL_MOVE,{Function accept at lib/less/tree/selector.js:15},{Function accept at lib/less/tree/selector.js:15})
08bd23dc2ae76b4a36504d5b069d8ef7b6467287,INTERNAL_MOVE,{Function isem at lib/less/functions.js:371},{Function isem at lib/less/functions.js:371})
08bd23dc2ae76b4a36504d5b069d8ef7b6467287,INTERNAL_MOVE,{Function compare at lib/less/tree/keyword.js:12},{Function compare at lib/less/tree/keyword.js:12})
08bd23dc2ae76b4a36504d5b069d8ef7b6467287,MOVE,{Function accept at lib/less/tree/mixin.js:13},{Function accept at lib/less/tree/mixin-call.js:12})
08bd23dc2ae76b4a36504d5b069d8ef7b6467287,INTERNAL_MOVE,{Function fadein at lib/less/functions.js:131},{Function fadein at lib/less/functions.js:131})
08bd23dc2ae76b4a36504d5b069d8ef7b6467287,INTERNAL_MOVE,{Function genCSS at lib/less/tree/operation.js:34},{Function genCSS at lib/less/tree/operation.js:34})
08bd23dc2ae76b4a36504d5b069d8ef7b6467287,INTERNAL_MOVE,{Function asMediaQuery at lib/less/tree.js:25},{Function asMediaQuery at lib/less/tree.js:27})
08bd23dc2ae76b4a36504d5b069d8ef7b6467287,INTERNAL_MOVE,{Function copyFromOriginal at lib/less/env.js:125},{Function copyFromOriginal at lib/less/env.js:125})
08bd23dc2ae76b4a36504d5b069d8ef7b6467287,INTERNAL_MOVE,{Function Assignment at lib/less/tree/assignment.js:3},{Function Assignment at lib/less/tree/assignment.js:3})
08bd23dc2ae76b4a36504d5b069d8ef7b6467287,INTERNAL_MOVE,{Function functionCall at lib/less/functions.js:751},{Function functionCall at lib/less/functions.js:751})
08bd23dc2ae76b4a36504d5b069d8ef7b6467287,INTERNAL_MOVE,{Function variables at lib/less/tree/ruleset.js:207},{Function variables at lib/less/tree/ruleset.js:207})
08bd23dc2ae76b4a36504d5b069d8ef7b6467287,INTERNAL_MOVE,{Function Media at lib/less/tree/media.js:3},{Function Media at lib/less/tree/media.js:3})
08bd23dc2ae76b4a36504d5b069d8ef7b6467287,INTERNAL_MOVE,{Function max at lib/less/functions.js:324},{Function max at lib/less/functions.js:324})
08bd23dc2ae76b4a36504d5b069d8ef7b6467287,INTERNAL_MOVE,{Function findSelfSelectors at lib/less/tree/extend.js:34},{Function findSelfSelectors at lib/less/tree/extend.js:34})
08bd23dc2ae76b4a36504d5b069d8ef7b6467287,INTERNAL_MOVE,{Function genCSS at lib/less/tree/alpha.js:15},{Function genCSS at lib/less/tree/alpha.js:15})
08bd23dc2ae76b4a36504d5b069d8ef7b6467287,INTERNAL_MOVE,{Function exclusion at lib/less/functions.js:653},{Function exclusion at lib/less/functions.js:653})
08bd23dc2ae76b4a36504d5b069d8ef7b6467287,INTERNAL_MOVE,{Function hsvsaturation at lib/less/functions.js:77},{Function hsvsaturation at lib/less/functions.js:77})
08bd23dc2ae76b4a36504d5b069d8ef7b6467287,INTERNAL_MOVE,{Function evalName at lib/less/tree/rule.js:81},{Function evalName at lib/less/tree/rule.js:81})
08bd23dc2ae76b4a36504d5b069d8ef7b6467287,INTERNAL_MOVE,{Function find at lib/less/tree/ruleset.js:241},{Function find at lib/less/tree/ruleset.js:241})
08bd23dc2ae76b4a36504d5b069d8ef7b6467287,INTERNAL_MOVE,{Function visitMedia at lib/less/join-selector-visitor.js:38},{Function visitMedia at lib/less/join-selector-visitor.js:38})
08bd23dc2ae76b4a36504d5b069d8ef7b6467287,INTERNAL_MOVE,{Function rulesets at lib/less/tree/mixin.js:183},{Function rulesets at lib/less/tree/mixin-definition.js:33})
08bd23dc2ae76b4a36504d5b069d8ef7b6467287,INTERNAL_MOVE,{Function visitArray at lib/less/visitor.js:90},{Function visitArray at lib/less/visitor.js:90})
08bd23dc2ae76b4a36504d5b069d8ef7b6467287,INTERNAL_MOVE,{Function visitRulesetOut at lib/less/extend-visitor.js:396},{Function visitRulesetOut at lib/less/extend-visitor.js:396})
08bd23dc2ae76b4a36504d5b069d8ef7b6467287,INTERNAL_MOVE,{Function unify at lib/less/tree/dimension.js:120},{Function unify at lib/less/tree/dimension.js:120})
08bd23dc2ae76b4a36504d5b069d8ef7b6467287,INTERNAL_MOVE,{Function clamp at lib/less/tree/color.js:178},{Function clamp at lib/less/tree/color.js:178})
08bd23dc2ae76b4a36504d5b069d8ef7b6467287,INTERNAL_MOVE,{Function eval at lib/less/tree/value.js:13},{Function eval at lib/less/tree/value.js:13})
08bd23dc2ae76b4a36504d5b069d8ef7b6467287,INTERNAL_MOVE,{Function bubbleSelectors at lib/less/tree/media.js:150},{Function bubbleSelectors at lib/less/tree/media.js:150})
08bd23dc2ae76b4a36504d5b069d8ef7b6467287,INTERNAL_MOVE,{Function accept at lib/less/tree/import.js:42},{Function accept at lib/less/tree/import.js:42})
08bd23dc2ae76b4a36504d5b069d8ef7b6467287,INTERNAL_MOVE,{Function accept at lib/less/tree/directive.js:17},{Function accept at lib/less/tree/directive.js:17})
08bd23dc2ae76b4a36504d5b069d8ef7b6467287,INTERNAL_MOVE,{Function percentage at lib/less/functions.js:333},{Function percentage at lib/less/functions.js:333})
08bd23dc2ae76b4a36504d5b069d8ef7b6467287,INTERNAL_MOVE,{Function Variable at lib/less/tree/variable.js:3},{Function Variable at lib/less/tree/variable.js:3})
08bd23dc2ae76b4a36504d5b069d8ef7b6467287,INTERNAL_MOVE,{Function hsv at lib/less/functions.js:36},{Function hsv at lib/less/functions.js:36})
08bd23dc2ae76b4a36504d5b069d8ef7b6467287,INTERNAL_MOVE,{Function joinSelectorVisitor at lib/less/join-selector-visitor.js:2},{Function joinSelectorVisitor at lib/less/join-selector-visitor.js:2})
08bd23dc2ae76b4a36504d5b069d8ef7b6467287,INTERNAL_MOVE,{Function eval at lib/less/functions.js:669},{Function eval at lib/less/functions.js:669})
08bd23dc2ae76b4a36504d5b069d8ef7b6467287,INTERNAL_MOVE,{Function accept at lib/less/tree/media.js:15},{Function accept at lib/less/tree/media.js:15})
08bd23dc2ae76b4a36504d5b069d8ef7b6467287,INTERNAL_MOVE,{Function visitRulesetOut at lib/less/join-selector-visitor.js:35},{Function visitRulesetOut at lib/less/join-selector-visitor.js:35})
08bd23dc2ae76b4a36504d5b069d8ef7b6467287,INTERNAL_MOVE,{Function escape at lib/less/functions.js:218},{Function escape at lib/less/functions.js:218})
08bd23dc2ae76b4a36504d5b069d8ef7b6467287,INTERNAL_MOVE,{Function eval at lib/less/tree/rule.js:32},{Function eval at lib/less/tree/rule.js:32})
08bd23dc2ae76b4a36504d5b069d8ef7b6467287,MOVE,{Function genCSS at lib/less/tree/element.js:102},{Function genCSS at lib/less/tree/combinator.js:34})
08bd23dc2ae76b4a36504d5b069d8ef7b6467287,INTERNAL_MOVE,{Function Operation at lib/less/tree/operation.js:3},{Function Operation at lib/less/tree/operation.js:3})
08bd23dc2ae76b4a36504d5b069d8ef7b6467287,INTERNAL_MOVE,{Function visitMixinDefinition at lib/less/import-visitor.js:95},{Function visitMixinDefinition at lib/less/import-visitor.js:95})
08bd23dc2ae76b4a36504d5b069d8ef7b6467287,INTERNAL_MOVE,{Function compare at lib/less/tree/quoted.js:32},{Function compare at lib/less/tree/quoted.js:32})
08bd23dc2ae76b4a36504d5b069d8ef7b6467287,INTERNAL_MOVE,{Function overlay at lib/less/functions.js:632},{Function overlay at lib/less/functions.js:632})
08bd23dc2ae76b4a36504d5b069d8ef7b6467287,INTERNAL_MOVE,{Function multiply at lib/less/functions.js:626},{Function multiply at lib/less/functions.js:626})
08bd23dc2ae76b4a36504d5b069d8ef7b6467287,INTERNAL_MOVE,{Function Ruleset at lib/less/tree/ruleset.js:3},{Function Ruleset at lib/less/tree/ruleset.js:3})
08bd23dc2ae76b4a36504d5b069d8ef7b6467287,INTERNAL_MOVE,{Function genCSS at lib/less/tree/expression.js:38},{Function genCSS at lib/less/tree/expression.js:38})
08bd23dc2ae76b4a36504d5b069d8ef7b6467287,INTERNAL_MOVE,{Function eval at lib/less/tree/selector.js:95},{Function eval at lib/less/tree/selector.js:95})
08bd23dc2ae76b4a36504d5b069d8ef7b6467287,INTERNAL_MOVE,{Function matchArgs at lib/less/tree/ruleset.js:185},{Function matchArgs at lib/less/tree/ruleset.js:185})
08bd23dc2ae76b4a36504d5b069d8ef7b6467287,INTERNAL_MOVE,{Function outOfParenthesis at lib/less/env.js:82},{Function outOfParenthesis at lib/less/env.js:82})
08bd23dc2ae76b4a36504d5b069d8ef7b6467287,INTERNAL_MOVE,{Function number at lib/less/functions.js:724},{Function number at lib/less/functions.js:724})
08bd23dc2ae76b4a36504d5b069d8ef7b6467287,INTERNAL_MOVE,{Function genCSS at lib/less/tree/negative.js:11},{Function genCSS at lib/less/tree/negative.js:11})
08bd23dc2ae76b4a36504d5b069d8ef7b6467287,INTERNAL_MOVE,{Function JavaScript at lib/less/tree/javascript.js:3},{Function JavaScript at lib/less/tree/javascript.js:3})
08bd23dc2ae76b4a36504d5b069d8ef7b6467287,INTERNAL_MOVE,{Function eval at lib/less/tree/media.js:29},{Function eval at lib/less/tree/media.js:29})
08bd23dc2ae76b4a36504d5b069d8ef7b6467287,INTERNAL_MOVE,{Function eval at lib/less/tree/detached-ruleset.js:12},{Function eval at lib/less/tree/detached-ruleset.js:12})
08bd23dc2ae76b4a36504d5b069d8ef7b6467287,INTERNAL_MOVE,{Function run at lib/less/extend-visitor.js:93},{Function run at lib/less/extend-visitor.js:93})
08bd23dc2ae76b4a36504d5b069d8ef7b6467287,INTERNAL_MOVE,{Function evalCall at lib/less/tree/mixin.js:264},{Function evalCall at lib/less/tree/mixin-definition.js:114})
08bd23dc2ae76b4a36504d5b069d8ef7b6467287,INTERNAL_MOVE,{Function eval at lib/less/tree/extend.js:28},{Function eval at lib/less/tree/extend.js:28})
08bd23dc2ae76b4a36504d5b069d8ef7b6467287,INTERNAL_MOVE,{Function rulesets at lib/less/tree/directive.js:54},{Function rulesets at lib/less/tree/directive.js:54})
08bd23dc2ae76b4a36504d5b069d8ef7b6467287,MOVE,{Function usedUnits at lib/less/tree/dimension.js:254},{Function usedUnits at lib/less/tree/unit.js:67})
08bd23dc2ae76b4a36504d5b069d8ef7b6467287,INTERNAL_MOVE,{Function genCSS at lib/less/tree/keyword.js:7},{Function genCSS at lib/less/tree/keyword.js:7})
08bd23dc2ae76b4a36504d5b069d8ef7b6467287,INTERNAL_MOVE,{Function green at lib/less/functions.js:86},{Function green at lib/less/functions.js:86})
08bd23dc2ae76b4a36504d5b069d8ef7b6467287,INTERNAL_MOVE,{Function genCSS at lib/less/tree/call.js:55},{Function genCSS at lib/less/tree/call.js:55})
08bd23dc2ae76b4a36504d5b069d8ef7b6467287,MOVE,{Function encodeBase64 at lib/less/encoder.js:2},{Function encodeBase64 at lib/less/environments/node.js:11})
08bd23dc2ae76b4a36504d5b069d8ef7b6467287,INTERNAL_MOVE,{Function color at lib/less/functions.js:336},{Function color at lib/less/functions.js:336})
08bd23dc2ae76b4a36504d5b069d8ef7b6467287,INTERNAL_MOVE,{Function evalNested at lib/less/tree/media.js:101},{Function evalNested at lib/less/tree/media.js:101})
08bd23dc2ae76b4a36504d5b069d8ef7b6467287,MOVE,{Function format at lib/less/tree/mixin.js:136},{Function format at lib/less/tree/mixin-call.js:135})
08bd23dc2ae76b4a36504d5b069d8ef7b6467287,INTERNAL_MOVE,{Function toCSS at lib/less/source-map-output.js:99},{Function toCSS at lib/less/source-map-output.js:99})
08bd23dc2ae76b4a36504d5b069d8ef7b6467287,INTERNAL_MOVE,{Function tint at lib/less/functions.js:380},{Function tint at lib/less/functions.js:380})
08bd23dc2ae76b4a36504d5b069d8ef7b6467287,INTERNAL_MOVE,{Function eval at lib/less/tree/condition.js:16},{Function eval at lib/less/tree/condition.js:16})
08bd23dc2ae76b4a36504d5b069d8ef7b6467287,INTERNAL_MOVE,{Function blue at lib/less/functions.js:89},{Function blue at lib/less/functions.js:89})
08bd23dc2ae76b4a36504d5b069d8ef7b6467287,INTERNAL_MOVE,{Function markReferenced at lib/less/tree/directive.js:55},{Function markReferenced at lib/less/tree/directive.js:55})
08bd23dc2ae76b4a36504d5b069d8ef7b6467287,INTERNAL_MOVE,{Function clone at lib/less/tree/extend.js:31},{Function clone at lib/less/tree/extend.js:31})
08bd23dc2ae76b4a36504d5b069d8ef7b6467287,INTERNAL_MOVE,{Function markReferenced at lib/less/tree/ruleset.js:373},{Function markReferenced at lib/less/tree/ruleset.js:373})
08bd23dc2ae76b4a36504d5b069d8ef7b6467287,INTERNAL_MOVE,{Function clamp at lib/less/functions.js:737},{Function clamp at lib/less/functions.js:737})
08bd23dc2ae76b4a36504d5b069d8ef7b6467287,INTERNAL_MOVE,{Function accept at lib/less/tree/ruleset.js:11},{Function accept at lib/less/tree/ruleset.js:11})
08bd23dc2ae76b4a36504d5b069d8ef7b6467287,INTERNAL_MOVE,{Function luma at lib/less/tree/color.js:29},{Function luma at lib/less/tree/color.js:29})
08bd23dc2ae76b4a36504d5b069d8ef7b6467287,INTERNAL_MOVE,{Function isstring at lib/less/functions.js:356},{Function isstring at lib/less/functions.js:356})
08bd23dc2ae76b4a36504d5b069d8ef7b6467287,INTERNAL_MOVE,{Function fadeout at lib/less/functions.js:138},{Function fadeout at lib/less/functions.js:138})
08bd23dc2ae76b4a36504d5b069d8ef7b6467287,INTERNAL_MOVE,{Function visitDirectiveOut at lib/less/extend-visitor.js:411},{Function visitDirectiveOut at lib/less/extend-visitor.js:83})
08bd23dc2ae76b4a36504d5b069d8ef7b6467287,INTERNAL_MOVE,{Function isMathOn at lib/less/env.js:86},{Function isMathOn at lib/less/env.js:86})
08bd23dc2ae76b4a36504d5b069d8ef7b6467287,INTERNAL_MOVE,{Function eval at lib/less/tree/color.js:28},{Function eval at lib/less/tree/color.js:28})
08bd23dc2ae76b4a36504d5b069d8ef7b6467287,INTERNAL_MOVE,{Function checkPropertiesInRoot at lib/less/to-css-visitor.js:69},{Function checkPropertiesInRoot at lib/less/to-css-visitor.js:69})
08bd23dc2ae76b4a36504d5b069d8ef7b6467287,INTERNAL_MOVE,{Function doExtendChaining at lib/less/extend-visitor.js:101},{Function doExtendChaining at lib/less/extend-visitor.js:101})
08bd23dc2ae76b4a36504d5b069d8ef7b6467287,INTERNAL_MOVE,{Function eval at lib/less/tree/import.js:92},{Function eval at lib/less/tree/import.js:92})
08bd23dc2ae76b4a36504d5b069d8ef7b6467287,INTERNAL_MOVE,{Function flatten at lib/less/visitor.js:117},{Function flatten at lib/less/visitor.js:117})
08bd23dc2ae76b4a36504d5b069d8ef7b6467287,INTERNAL_MOVE,{Function variable at lib/less/tree/ruleset.js:218},{Function variable at lib/less/tree/ruleset.js:218})
08bd23dc2ae76b4a36504d5b069d8ef7b6467287,INTERNAL_MOVE,{Function shade at lib/less/functions.js:383},{Function shade at lib/less/functions.js:383})
08bd23dc2ae76b4a36504d5b069d8ef7b6467287,INTERNAL_MOVE,{Function evalPath at lib/less/tree/import.js:75},{Function evalPath at lib/less/tree/import.js:75})
08bd23dc2ae76b4a36504d5b069d8ef7b6467287,INTERNAL_MOVE,{Function hardlight at lib/less/functions.js:647},{Function hardlight at lib/less/functions.js:647})
08bd23dc2ae76b4a36504d5b069d8ef7b6467287,MOVE,{Function Combinator at lib/less/tree/element.js:71},{Function Combinator at lib/less/tree/combinator.js:3})
08bd23dc2ae76b4a36504d5b069d8ef7b6467287,INTERNAL_MOVE,{Function isJustParentSelector at lib/less/tree/selector.js:89},{Function isJustParentSelector at lib/less/tree/selector.js:89})
08bd23dc2ae76b4a36504d5b069d8ef7b6467287,INTERNAL_MOVE,{Function visitExtend at lib/less/to-css-visitor.js:27},{Function visitExtend at lib/less/to-css-visitor.js:27})
08bd23dc2ae76b4a36504d5b069d8ef7b6467287,INTERNAL_MOVE,{Function matchCondition at lib/less/tree/mixin.js:282},{Function matchCondition at lib/less/tree/mixin-definition.js:132})
08bd23dc2ae76b4a36504d5b069d8ef7b6467287,INTERNAL_MOVE,{Function toCSS at lib/less/tree/color.js:34},{Function toCSS at lib/less/tree/color.js:34})
08bd23dc2ae76b4a36504d5b069d8ef7b6467287,INTERNAL_MOVE,{Function desaturate at lib/less/functions.js:110},{Function desaturate at lib/less/functions.js:110})
08bd23dc2ae76b4a36504d5b069d8ef7b6467287,INTERNAL_MOVE,{Function lightness at lib/less/functions.js:71},{Function lightness at lib/less/functions.js:71})
08bd23dc2ae76b4a36504d5b069d8ef7b6467287,INTERNAL_MOVE,{Function accept at lib/less/tree/operation.js:10},{Function accept at lib/less/tree/operation.js:10})
08bd23dc2ae76b4a36504d5b069d8ef7b6467287,INTERNAL_MOVE,{Function extract at lib/less/functions.js:386},{Function extract at lib/less/functions.js:386})
08bd23dc2ae76b4a36504d5b069d8ef7b6467287,INTERNAL_MOVE,{Function accept at lib/less/tree/assignment.js:9},{Function accept at lib/less/tree/assignment.js:9})
08bd23dc2ae76b4a36504d5b069d8ef7b6467287,INTERNAL_MOVE,{Function eval at lib/less/tree/mixin.js:261},{Function eval at lib/less/tree/mixin-definition.js:111})
08bd23dc2ae76b4a36504d5b069d8ef7b6467287,INTERNAL_MOVE,{Function importVisitor at lib/less/import-visitor.js:2},{Function importVisitor at lib/less/import-visitor.js:2})
08bd23dc2ae76b4a36504d5b069d8ef7b6467287,INTERNAL_MOVE,{Function visitMixinDefinition at lib/less/extend-visitor.js:19},{Function visitMixinDefinition at lib/less/extend-visitor.js:19})
08bd23dc2ae76b4a36504d5b069d8ef7b6467287,INTERNAL_MOVE,{Function matchCondition at lib/less/tree/ruleset.js:189},{Function matchCondition at lib/less/tree/ruleset.js:189})
08bd23dc2ae76b4a36504d5b069d8ef7b6467287,INTERNAL_MOVE,{Function replace at lib/less/functions.js:221},{Function replace at lib/less/functions.js:221})
08bd23dc2ae76b4a36504d5b069d8ef7b6467287,INTERNAL_MOVE,{Function evalForImport at lib/less/tree/import.js:72},{Function evalForImport at lib/less/tree/import.js:72})
08bd23dc2ae76b4a36504d5b069d8ef7b6467287,INTERNAL_MOVE,{Function saturate at lib/less/functions.js:98},{Function saturate at lib/less/functions.js:98})
08bd23dc2ae76b4a36504d5b069d8ef7b6467287,INTERNAL_MOVE,{Function argb at lib/less/functions.js:330},{Function argb at lib/less/functions.js:330})
08bd23dc2ae76b4a36504d5b069d8ef7b6467287,INTERNAL_MOVE,{Function average at lib/less/functions.js:658},{Function average at lib/less/functions.js:658})
08bd23dc2ae76b4a36504d5b069d8ef7b6467287,INTERNAL_MOVE,{Function add at lib/less/source-map-output.js:39},{Function add at lib/less/source-map-output.js:39})
08bd23dc2ae76b4a36504d5b069d8ef7b6467287,INTERNAL_MOVE,{Function parseEnv at lib/less/env.js:31},{Function parseEnv at lib/less/env.js:31})
08bd23dc2ae76b4a36504d5b069d8ef7b6467287,INTERNAL_MOVE,{Function fade at lib/less/functions.js:145},{Function fade at lib/less/functions.js:145})
08bd23dc2ae76b4a36504d5b069d8ef7b6467287,INTERNAL_MOVE,{Function eval at lib/less/tree/element.js:26},{Function eval at lib/less/tree/element.js:26})
08bd23dc2ae76b4a36504d5b069d8ef7b6467287,INTERNAL_MOVE,{Function accept at lib/less/tree/dimension.js:14},{Function accept at lib/less/tree/dimension.js:14})
08bd23dc2ae76b4a36504d5b069d8ef7b6467287,MOVE,{Function Attribute at lib/less/tree/element.js:45},{Function Attribute at lib/less/tree/attribute.js:3})
08bd23dc2ae76b4a36504d5b069d8ef7b6467287,INTERNAL_MOVE,{Function eval at lib/less/tree/paren.js:18},{Function eval at lib/less/tree/paren.js:17})
08bd23dc2ae76b4a36504d5b069d8ef7b6467287,INTERNAL_MOVE,{Function toColor at lib/less/tree/dimension.js:20},{Function toColor at lib/less/tree/dimension.js:20})
08bd23dc2ae76b4a36504d5b069d8ef7b6467287,INTERNAL_MOVE,{Function genCSS at lib/less/tree/rule.js:19},{Function genCSS at lib/less/tree/rule.js:19})
08bd23dc2ae76b4a36504d5b069d8ef7b6467287,INTERNAL_MOVE,{Function eval at lib/less/tree/variable.js:10},{Function eval at lib/less/tree/variable.js:10})
08bd23dc2ae76b4a36504d5b069d8ef7b6467287,INTERNAL_MOVE,{Function eval at lib/less/tree/unicode-descriptor.js:12},{Function eval at lib/less/tree/unicode-descriptor.js:12})
08bd23dc2ae76b4a36504d5b069d8ef7b6467287,INTERNAL_MOVE,{Function variable at lib/less/tree/mixin.js:180},{Function variable at lib/less/tree/mixin-definition.js:30})
08bd23dc2ae76b4a36504d5b069d8ef7b6467287,INTERNAL_MOVE,{Function darken at lib/less/functions.js:124},{Function darken at lib/less/functions.js:124})
08bd23dc2ae76b4a36504d5b069d8ef7b6467287,INTERNAL_MOVE,{Function Call at lib/less/tree/call.js:6},{Function Call at lib/less/tree/call.js:6})
08bd23dc2ae76b4a36504d5b069d8ef7b6467287,INTERNAL_MOVE,{Function hsla at lib/less/functions.js:712},{Function hsla at lib/less/functions.js:712})
08bd23dc2ae76b4a36504d5b069d8ef7b6467287,INTERNAL_MOVE,{Function visitDirective at lib/less/import-visitor.js:88},{Function visitDirective at lib/less/import-visitor.js:88})
08bd23dc2ae76b4a36504d5b069d8ef7b6467287,INTERNAL_MOVE,{Function pow at lib/less/functions.js:269},{Function pow at lib/less/functions.js:269})
08bd23dc2ae76b4a36504d5b069d8ef7b6467287,INTERNAL_MOVE,{Function createDerived at lib/less/tree/selector.js:26},{Function createDerived at lib/less/tree/selector.js:26})
08bd23dc2ae76b4a36504d5b069d8ef7b6467287,INTERNAL_MOVE,{Function visitMixinDefinition at lib/less/extend-visitor.js:193},{Function visitMixinDefinition at lib/less/extend-visitor.js:193})
08bd23dc2ae76b4a36504d5b069d8ef7b6467287,INTERNAL_MOVE,{Function normalizePath at lib/less/env.js:94},{Function normalizePath at lib/less/env.js:94})
08bd23dc2ae76b4a36504d5b069d8ef7b6467287,INTERNAL_MOVE,{Function rgb at lib/less/functions.js:4},{Function rgb at lib/less/functions.js:4})
08bd23dc2ae76b4a36504d5b069d8ef7b6467287,INTERNAL_MOVE,{Function emptySelectors at lib/less/tree/media.js:69},{Function emptySelectors at lib/less/tree/media.js:69})
08bd23dc2ae76b4a36504d5b069d8ef7b6467287,INTERNAL_MOVE,{Function reset at lib/less/functions.js:684},{Function reset at lib/less/functions.js:684})
08bd23dc2ae76b4a36504d5b069d8ef7b6467287,INTERNAL_MOVE,{Function debugInfo at lib/less/tree.js:3},{Function debugInfo at lib/less/tree.js:5})
08bd23dc2ae76b4a36504d5b069d8ef7b6467287,INTERNAL_MOVE,{Function variable at lib/less/tree/media.js:66},{Function variable at lib/less/tree/media.js:66})
08bd23dc2ae76b4a36504d5b069d8ef7b6467287,INTERNAL_MOVE,{Function genCSS at lib/less/tree/quoted.js:12},{Function genCSS at lib/less/tree/quoted.js:12})
08bd23dc2ae76b4a36504d5b069d8ef7b6467287,INTERNAL_MOVE,{Function spin at lib/less/functions.js:152},{Function spin at lib/less/functions.js:152})
08bd23dc2ae76b4a36504d5b069d8ef7b6467287,MOVE,{Function genCSS at lib/less/tree/element.js:56},{Function genCSS at lib/less/tree/attribute.js:14})
08bd23dc2ae76b4a36504d5b069d8ef7b6467287,INTERNAL_MOVE,{Function fromKeyword at lib/less/tree/color.js:156},{Function fromKeyword at lib/less/tree/color.js:156})
08bd23dc2ae76b4a36504d5b069d8ef7b6467287,INTERNAL_MOVE,{Function negation at lib/less/functions.js:661},{Function negation at lib/less/functions.js:661})
08bd23dc2ae76b4a36504d5b069d8ef7b6467287,INTERNAL_MOVE,{Function genCSS at lib/less/tree/ruleset.js:267},{Function genCSS at lib/less/tree/ruleset.js:267})
08bd23dc2ae76b4a36504d5b069d8ef7b6467287,INTERNAL_MOVE,{Function e at lib/less/functions.js:215},{Function e at lib/less/functions.js:215})
08bd23dc2ae76b4a36504d5b069d8ef7b6467287,INTERNAL_MOVE,{Function find at lib/less/tree/directive.js:53},{Function find at lib/less/tree/directive.js:53})
08bd23dc2ae76b4a36504d5b069d8ef7b6467287,INTERNAL_MOVE,{Function lookup at lib/less/functions.js:565},{Function lookup at lib/less/functions.js:565})
08bd23dc2ae76b4a36504d5b069d8ef7b6467287,INTERNAL_MOVE,{Function makeImportant at lib/less/tree/ruleset.js:176},{Function makeImportant at lib/less/tree/ruleset.js:176})
08bd23dc2ae76b4a36504d5b069d8ef7b6467287,INTERNAL_MOVE,{Function throwArgumentDescriptor at lib/less/functions.js:469},{Function throwArgumentDescriptor at lib/less/functions.js:469})
08bd23dc2ae76b4a36504d5b069d8ef7b6467287,INTERNAL_MOVE,{Function eval at lib/less/tree/keyword.js:6},{Function eval at lib/less/tree/keyword.js:6})
08bd23dc2ae76b4a36504d5b069d8ef7b6467287,INTERNAL_MOVE,{Function saturation at lib/less/functions.js:68},{Function saturation at lib/less/functions.js:68})
08bd23dc2ae76b4a36504d5b069d8ef7b6467287,INTERNAL_MOVE,{Function Negative at lib/less/tree/negative.js:3},{Function Negative at lib/less/tree/negative.js:3})
08bd23dc2ae76b4a36504d5b069d8ef7b6467287,INTERNAL_MOVE,{Function prependRule at lib/less/tree/ruleset.js:237},{Function prependRule at lib/less/tree/ruleset.js:237})
08bd23dc2ae76b4a36504d5b069d8ef7b6467287,INTERNAL_MOVE,{Function getIsReferenced at lib/less/tree/selector.js:121},{Function getIsReferenced at lib/less/tree/selector.js:121})
08bd23dc2ae76b4a36504d5b069d8ef7b6467287,INTERNAL_MOVE,{Function extendSelector at lib/less/extend-visitor.js:335},{Function extendSelector at lib/less/extend-visitor.js:335})
08bd23dc2ae76b4a36504d5b069d8ef7b6467287,INTERNAL_MOVE,{Function Anonymous at lib/less/tree/anonymous.js:3},{Function Anonymous at lib/less/tree/anonymous.js:3})
08bd23dc2ae76b4a36504d5b069d8ef7b6467287,MOVE,{Function compare at lib/less/tree/dimension.js:222},{Function compare at lib/less/tree/unit.js:35})
08bd23dc2ae76b4a36504d5b069d8ef7b6467287,INTERNAL_MOVE,{Function accept at lib/less/tree/element.js:19},{Function accept at lib/less/tree/element.js:19})
08bd23dc2ae76b4a36504d5b069d8ef7b6467287,INTERNAL_MOVE,{Function isSilent at lib/less/tree/comment.js:17},{Function isSilent at lib/less/tree/comment.js:17})
08bd23dc2ae76b4a36504d5b069d8ef7b6467287,INTERNAL_MOVE,{Function error at lib/less/functions.js:681},{Function error at lib/less/functions.js:681})
08bd23dc2ae76b4a36504d5b069d8ef7b6467287,INTERNAL_MOVE,{Function compare at lib/less/tree/color.js:144},{Function compare at lib/less/tree/color.js:144})
08bd23dc2ae76b4a36504d5b069d8ef7b6467287,MOVE,{Function genCSS at lib/less/tree/dimension.js:201},{Function genCSS at lib/less/tree/unit.js:14})
08bd23dc2ae76b4a36504d5b069d8ef7b6467287,INTERNAL_MOVE,{Function pi at lib/less/functions.js:263},{Function pi at lib/less/functions.js:263})
08bd23dc2ae76b4a36504d5b069d8ef7b6467287,INTERNAL_MOVE,{Function eval at lib/less/tree/assignment.js:12},{Function eval at lib/less/tree/assignment.js:12})
08bd23dc2ae76b4a36504d5b069d8ef7b6467287,INTERNAL_MOVE,{Function genCSS at lib/less/tree/import.js:51},{Function genCSS at lib/less/tree/import.js:51})
08bd23dc2ae76b4a36504d5b069d8ef7b6467287,INTERNAL_MOVE,{Function URL at lib/less/tree/url.js:3},{Function URL at lib/less/tree/url.js:3})
08bd23dc2ae76b4a36504d5b069d8ef7b6467287,INTERNAL_MOVE,{Function _removeDuplicateRules at lib/less/to-css-visitor.js:151},{Function _removeDuplicateRules at lib/less/to-css-visitor.js:151})
08bd23dc2ae76b4a36504d5b069d8ef7b6467287,INTERNAL_MOVE,{Function visitRuleset at lib/less/import-visitor.js:102},{Function visitRuleset at lib/less/import-visitor.js:102})
08bd23dc2ae76b4a36504d5b069d8ef7b6467287,INTERNAL_MOVE,{Function eval at lib/less/tree/ruleset.js:21},{Function eval at lib/less/tree/ruleset.js:21})
08bd23dc2ae76b4a36504d5b069d8ef7b6467287,INTERNAL_MOVE,{Function markReferenced at lib/less/tree/media.js:75},{Function markReferenced at lib/less/tree/media.js:75})
08bd23dc2ae76b4a36504d5b069d8ef7b6467287,INTERNAL_MOVE,{Function Color at lib/less/tree/color.js:5},{Function Color at lib/less/tree/color.js:5})
08bd23dc2ae76b4a36504d5b069d8ef7b6467287,INTERNAL_MOVE,{Function visitRule at lib/less/join-selector-visitor.js:11},{Function visitRule at lib/less/join-selector-visitor.js:11})
08bd23dc2ae76b4a36504d5b069d8ef7b6467287,INTERNAL_MOVE,{Function processExtendsVisitor at lib/less/extend-visitor.js:88},{Function processExtendsVisitor at lib/less/extend-visitor.js:88})
08bd23dc2ae76b4a36504d5b069d8ef7b6467287,INTERNAL_MOVE,{Function eval at lib/less/tree/dimension.js:17},{Function eval at lib/less/tree/dimension.js:17})
08bd23dc2ae76b4a36504d5b069d8ef7b6467287,INTERNAL_MOVE,{Function _isa at lib/less/functions.js:377},{Function _isa at lib/less/functions.js:377})
08bd23dc2ae76b4a36504d5b069d8ef7b6467287,INTERNAL_MOVE,{Function toARGB at lib/less/tree/color.js:141},{Function toARGB at lib/less/tree/color.js:141})
08bd23dc2ae76b4a36504d5b069d8ef7b6467287,INTERNAL_MOVE,{Function lookup at lib/less/functions.js:556},{Function lookup at lib/less/functions.js:556})
08bd23dc2ae76b4a36504d5b069d8ef7b6467287,INTERNAL_MOVE,{Function normalizeFilename at lib/less/source-map-output.js:27},{Function normalizeFilename at lib/less/source-map-output.js:27})
08bd23dc2ae76b4a36504d5b069d8ef7b6467287,INTERNAL_MOVE,{Function genCSS at lib/less/tree/paren.js:12},{Function genCSS at lib/less/tree/paren.js:11})
08bd23dc2ae76b4a36504d5b069d8ef7b6467287,INTERNAL_MOVE,{Function iskeyword at lib/less/functions.js:359},{Function iskeyword at lib/less/functions.js:359})
08bd23dc2ae76b4a36504d5b069d8ef7b6467287,INTERNAL_MOVE,{Function genCSS at lib/less/tree/value.js:22},{Function genCSS at lib/less/tree/value.js:22})
08bd23dc2ae76b4a36504d5b069d8ef7b6467287,INTERNAL_MOVE,{Function accept at lib/less/tree/alpha.js:8},{Function accept at lib/less/tree/alpha.js:8})
08bd23dc2ae76b4a36504d5b069d8ef7b6467287,INTERNAL_MOVE,{Function run at lib/less/extend-visitor.js:11},{Function run at lib/less/extend-visitor.js:11})
08bd23dc2ae76b4a36504d5b069d8ef7b6467287,INTERNAL_MOVE,{Function hsva at lib/less/functions.js:40},{Function hsva at lib/less/functions.js:40})
08bd23dc2ae76b4a36504d5b069d8ef7b6467287,INTERNAL_MOVE,{Function accept at lib/less/tree/paren.js:9},{Function accept at lib/less/tree/paren.js:8})
08bd23dc2ae76b4a36504d5b069d8ef7b6467287,INTERNAL_MOVE,{Function throwAwayComments at lib/less/tree/expression.js:47},{Function throwAwayComments at lib/less/tree/expression.js:47})
08bd23dc2ae76b4a36504d5b069d8ef7b6467287,INTERNAL_MOVE,{Function inParenthesis at lib/less/env.js:75},{Function inParenthesis at lib/less/env.js:75})
08bd23dc2ae76b4a36504d5b069d8ef7b6467287,INTERNAL_MOVE,{Function match at lib/less/tree/selector.js:33},{Function match at lib/less/tree/selector.js:33})
08bd23dc2ae76b4a36504d5b069d8ef7b6467287,MOVE,{Function isSingular at lib/less/tree/dimension.js:238},{Function isSingular at lib/less/tree/unit.js:51})
08bd23dc2ae76b4a36504d5b069d8ef7b6467287,INTERNAL_MOVE,{Function eval at lib/less/tree/quoted.js:22},{Function eval at lib/less/tree/quoted.js:22})
08bd23dc2ae76b4a36504d5b069d8ef7b6467287,INTERNAL_MOVE,{Function serializeVars at lib/less/parser.js:2067},{Function serializeVars at lib/less/parser.js:2060})
08bd23dc2ae76b4a36504d5b069d8ef7b6467287,INTERNAL_MOVE,{Function genCSS at lib/less/tree/color.js:31},{Function genCSS at lib/less/tree/color.js:31})
08bd23dc2ae76b4a36504d5b069d8ef7b6467287,INTERNAL_MOVE,{Function genCSS at lib/less/tree/unicode-descriptor.js:8},{Function genCSS at lib/less/tree/unicode-descriptor.js:8})
08bd23dc2ae76b4a36504d5b069d8ef7b6467287,INTERNAL_MOVE,{Function eval at lib/less/tree/anonymous.js:11},{Function eval at lib/less/tree/anonymous.js:11})
08bd23dc2ae76b4a36504d5b069d8ef7b6467287,INTERNAL_MOVE,{Function RulesetCall at lib/less/tree/ruleset-call.js:3},{Function RulesetCall at lib/less/tree/ruleset-call.js:3})
08bd23dc2ae76b4a36504d5b069d8ef7b6467287,INTERNAL_MOVE,{Function findMatch at lib/less/extend-visitor.js:228},{Function findMatch at lib/less/extend-visitor.js:228})
08bd23dc2ae76b4a36504d5b069d8ef7b6467287,INTERNAL_MOVE,{Function compare at lib/less/tree/anonymous.js:14},{Function compare at lib/less/tree/anonymous.js:14})
08bd23dc2ae76b4a36504d5b069d8ef7b6467287,INTERNAL_MOVE,{Function compare at lib/less/tree/dimension.js:90},{Function compare at lib/less/tree/dimension.js:90})
08bd23dc2ae76b4a36504d5b069d8ef7b6467287,INTERNAL_MOVE,{Function value at lib/less/functions.js:678},{Function value at lib/less/functions.js:678})
08bd23dc2ae76b4a36504d5b069d8ef7b6467287,INTERNAL_MOVE,{Function callEval at lib/less/tree/detached-ruleset.js:16},{Function callEval at lib/less/tree/detached-ruleset.js:16})
08bd23dc2ae76b4a36504d5b069d8ef7b6467287,INTERNAL_MOVE,{Function outputRuleset at lib/less/tree.js:65},{Function outputRuleset at lib/less/tree.js:67})
08bd23dc2ae76b4a36504d5b069d8ef7b6467287,INTERNAL_MOVE,{Function mod at lib/less/functions.js:266},{Function mod at lib/less/functions.js:266})
08bd23dc2ae76b4a36504d5b069d8ef7b6467287,INTERNAL_MOVE,{Function ispixel at lib/less/functions.js:365},{Function ispixel at lib/less/functions.js:365})
08bd23dc2ae76b4a36504d5b069d8ef7b6467287,INTERNAL_MOVE,{Function find at lib/less/tree/mixin.js:182},{Function find at lib/less/tree/mixin-definition.js:32})
08bd23dc2ae76b4a36504d5b069d8ef7b6467287,INTERNAL_MOVE,{Function joinSelectors at lib/less/tree/ruleset.js:382},{Function joinSelectors at lib/less/tree/ruleset.js:382})
08bd23dc2ae76b4a36504d5b069d8ef7b6467287,INTERNAL_MOVE,{Function operate at lib/less/tree/color.js:76},{Function operate at lib/less/tree/color.js:76})
08bd23dc2ae76b4a36504d5b069d8ef7b6467287,INTERNAL_MOVE,{Function markReferenced at lib/less/tree/selector.js:118},{Function markReferenced at lib/less/tree/selector.js:118})
08bd23dc2ae76b4a36504d5b069d8ef7b6467287,MOVE,{Function toCSS at lib/less/tree/element.js:59},{Function toCSS at lib/less/tree/attribute.js:17})
08bd23dc2ae76b4a36504d5b069d8ef7b6467287,INTERNAL_MOVE,{Function alpha at lib/less/functions.js:92},{Function alpha at lib/less/functions.js:92})
08bd23dc2ae76b4a36504d5b069d8ef7b6467287,INTERNAL_MOVE,{Function accept at lib/less/tree/rule.js:16},{Function accept at lib/less/tree/rule.js:16})
08bd23dc2ae76b4a36504d5b069d8ef7b6467287,INTERNAL_MOVE,{Function accept at lib/less/tree/value.js:8},{Function accept at lib/less/tree/value.js:8})
08bd23dc2ae76b4a36504d5b069d8ef7b6467287,INTERNAL_MOVE,{Function evalEnv at lib/less/env.js:69},{Function evalEnv at lib/less/env.js:69})
08bd23dc2ae76b4a36504d5b069d8ef7b6467287,INTERNAL_MOVE,{Function toCSS at lib/less/tree/element.js:35},{Function toCSS at lib/less/tree/element.js:35})
08bd23dc2ae76b4a36504d5b069d8ef7b6467287,INTERNAL_MOVE,{Function visitRulesetOut at lib/less/extend-visitor.js:67},{Function visitRulesetOut at lib/less/extend-visitor.js:67})
08bd23dc2ae76b4a36504d5b069d8ef7b6467287,INTERNAL_MOVE,{Function isunit at lib/less/functions.js:374},{Function isunit at lib/less/functions.js:374})
08bd23dc2ae76b4a36504d5b069d8ef7b6467287,INTERNAL_MOVE,{Function unit at lib/less/functions.js:241},{Function unit at lib/less/functions.js:241})
08bd23dc2ae76b4a36504d5b069d8ef7b6467287,MOVE,{Function map at lib/less/tree/dimension.js:242},{Function map at lib/less/tree/unit.js:55})
08bd23dc2ae76b4a36504d5b069d8ef7b6467287,INTERNAL_MOVE,{Function genCSS at lib/less/tree/dimension.js:23},{Function genCSS at lib/less/tree/dimension.js:23})
08bd23dc2ae76b4a36504d5b069d8ef7b6467287,INTERNAL_MOVE,{Function run at lib/less/join-selector-visitor.js:8},{Function run at lib/less/join-selector-visitor.js:8})
08bd23dc2ae76b4a36504d5b069d8ef7b6467287,INTERNAL_MOVE,{Function eval at lib/less/tree/alpha.js:11},{Function eval at lib/less/tree/alpha.js:11})
08bd23dc2ae76b4a36504d5b069d8ef7b6467287,INTERNAL_MOVE,{Function accept at lib/less/tree/mixin.js:171},{Function accept at lib/less/tree/mixin-definition.js:21})
08bd23dc2ae76b4a36504d5b069d8ef7b6467287,INTERNAL_MOVE,{Function toCSS at lib/less/tree.js:52},{Function toCSS at lib/less/tree.js:54})
08bd23dc2ae76b4a36504d5b069d8ef7b6467287,MOVE,{Function toString at lib/less/tree/dimension.js:214},{Function toString at lib/less/tree/unit.js:27})
08bd23dc2ae76b4a36504d5b069d8ef7b6467287,INTERNAL_MOVE,{Function red at lib/less/functions.js:83},{Function red at lib/less/functions.js:83})
08bd23dc2ae76b4a36504d5b069d8ef7b6467287,INTERNAL_MOVE,{Function accept at lib/less/tree/ruleset-call.js:8},{Function accept at lib/less/tree/ruleset-call.js:8})
08bd23dc2ae76b4a36504d5b069d8ef7b6467287,INTERNAL_MOVE,{Function Expression at lib/less/tree/expression.js:3},{Function Expression at lib/less/tree/expression.js:3})
08bd23dc2ae76b4a36504d5b069d8ef7b6467287,INTERNAL_MOVE,{Function hue at lib/less/functions.js:65},{Function hue at lib/less/functions.js:65})
08bd23dc2ae76b4a36504d5b069d8ef7b6467287,INTERNAL_MOVE,{Function visitDirective at lib/less/to-css-visitor.js:48},{Function visitDirective at lib/less/to-css-visitor.js:48})
08bd23dc2ae76b4a36504d5b069d8ef7b6467287,INTERNAL_MOVE,{Function length at lib/less/functions.js:393},{Function length at lib/less/functions.js:393})
08bd23dc2ae76b4a36504d5b069d8ef7b6467287,INTERNAL_MOVE,{Function eval at lib/less/tree/ruleset-call.js:10},{Function eval at lib/less/tree/ruleset-call.js:10})
08bd23dc2ae76b4a36504d5b069d8ef7b6467287,INTERNAL_MOVE,{Function _math at lib/less/functions.js:588},{Function _math at lib/less/functions.js:588})
08bd23dc2ae76b4a36504d5b069d8ef7b6467287,INTERNAL_MOVE,{Function visitMedia at lib/less/extend-visitor.js:72},{Function visitMedia at lib/less/extend-visitor.js:72})
08bd23dc2ae76b4a36504d5b069d8ef7b6467287,INTERNAL_MOVE,{Function visitRule at lib/less/extend-visitor.js:16},{Function visitRule at lib/less/extend-visitor.js:190})
08bd23dc2ae76b4a36504d5b069d8ef7b6467287,INTERNAL_MOVE,{Function visitMediaOut at lib/less/import-visitor.js:113},{Function visitMediaOut at lib/less/import-visitor.js:113})
08bd23dc2ae76b4a36504d5b069d8ef7b6467287,INTERNAL_MOVE,{Function toHex at lib/less/tree/color.js:171},{Function toHex at lib/less/tree/color.js:171})
08bd23dc2ae76b4a36504d5b069d8ef7b6467287,INTERNAL_MOVE,{Function rulesets at lib/less/tree/ruleset.js:221},{Function rulesets at lib/less/tree/ruleset.js:221})
08bd23dc2ae76b4a36504d5b069d8ef7b6467287,INTERNAL_MOVE,{Function toCSSVisitor at lib/less/to-css-visitor.js:2},{Function toCSSVisitor at lib/less/to-css-visitor.js:2})
08bd23dc2ae76b4a36504d5b069d8ef7b6467287,INTERNAL_MOVE,{Function Rule at lib/less/tree/rule.js:3},{Function Rule at lib/less/tree/rule.js:3})
08bd23dc2ae76b4a36504d5b069d8ef7b6467287,INTERNAL_MOVE,{Function visitMedia at lib/less/to-css-visitor.js:38},{Function visitMedia at lib/less/to-css-visitor.js:38})
08bd23dc2ae76b4a36504d5b069d8ef7b6467287,INTERNAL_MOVE,{Function run at lib/less/import-visitor.js:12},{Function run at lib/less/import-visitor.js:12})
08bd23dc2ae76b4a36504d5b069d8ef7b6467287,INTERNAL_MOVE,{Function Quoted at lib/less/tree/quoted.js:3},{Function Quoted at lib/less/tree/quoted.js:3})
08bd23dc2ae76b4a36504d5b069d8ef7b6467287,INTERNAL_MOVE,{Function accept at lib/less/tree/condition.js:12},{Function accept at lib/less/tree/condition.js:12})
08bd23dc2ae76b4a36504d5b069d8ef7b6467287,INTERNAL_MOVE,{Function permute at lib/less/tree/media.js:134},{Function permute at lib/less/tree/media.js:134})
08bd23dc2ae76b4a36504d5b069d8ef7b6467287,INTERNAL_MOVE,{Function visitImport at lib/less/import-visitor.js:28},{Function visitImport at lib/less/import-visitor.js:28})
08bd23dc2ae76b4a36504d5b069d8ef7b6467287,INTERNAL_MOVE,{Function hsla at lib/less/functions.js:15},{Function hsla at lib/less/functions.js:15})
08bd23dc2ae76b4a36504d5b069d8ef7b6467287,INTERNAL_MOVE,{Function min at lib/less/functions.js:321},{Function min at lib/less/functions.js:321})
08bd23dc2ae76b4a36504d5b069d8ef7b6467287,INTERNAL_MOVE,{Function luma at lib/less/functions.js:95},{Function luma at lib/less/functions.js:95})
08bd23dc2ae76b4a36504d5b069d8ef7b6467287,INTERNAL_MOVE,{Function visitRuleset at lib/less/join-selector-visitor.js:18},{Function visitRuleset at lib/less/join-selector-visitor.js:18})
08bd23dc2ae76b4a36504d5b069d8ef7b6467287,INTERNAL_MOVE,{Function UnicodeDescriptor at lib/less/tree/unicode-descriptor.js:3},{Function UnicodeDescriptor at lib/less/tree/unicode-descriptor.js:3})
08bd23dc2ae76b4a36504d5b069d8ef7b6467287,INTERNAL_MOVE,{Function DetachedRuleset at lib/less/tree/detached-ruleset.js:3},{Function DetachedRuleset at lib/less/tree/detached-ruleset.js:3})
08bd23dc2ae76b4a36504d5b069d8ef7b6467287,INTERNAL_MOVE,{Function visitMediaOut at lib/less/extend-visitor.js:76},{Function visitMediaOut at lib/less/extend-visitor.js:76})
08bd23dc2ae76b4a36504d5b069d8ef7b6467287,INTERNAL_MOVE,{Function eval at lib/less/tree/javascript.js:10},{Function eval at lib/less/tree/javascript.js:10})
08bd23dc2ae76b4a36504d5b069d8ef7b6467287,INTERNAL_MOVE,{Function contrast at lib/less/functions.js:186},{Function contrast at lib/less/functions.js:186})
08bd23dc2ae76b4a36504d5b069d8ef7b6467287,INTERNAL_MOVE,{Function operate at lib/less/tree/operation.js:48},{Function operate at lib/less/tree/operation.js:49})
08bd23dc2ae76b4a36504d5b069d8ef7b6467287,INTERNAL_MOVE,{Function genCSS at lib/less/tree/anonymous.js:28},{Function genCSS at lib/less/tree/anonymous.js:28})
08bd23dc2ae76b4a36504d5b069d8ef7b6467287,INTERNAL_MOVE,{Function visitRule at lib/less/to-css-visitor.js:13},{Function visitRule at lib/less/to-css-visitor.js:13})
08bd23dc2ae76b4a36504d5b069d8ef7b6467287,INTERNAL_MOVE,{Function run at lib/less/to-css-visitor.js:9},{Function run at lib/less/to-css-visitor.js:9})
08bd23dc2ae76b4a36504d5b069d8ef7b6467287,INTERNAL_MOVE,{Function Alpha at lib/less/tree/alpha.js:3},{Function Alpha at lib/less/tree/alpha.js:3})
08bd23dc2ae76b4a36504d5b069d8ef7b6467287,INTERNAL_MOVE,{Function indexNodeTypes at lib/less/visitor.js:10},{Function indexNodeTypes at lib/less/visitor.js:10})
08bd23dc2ae76b4a36504d5b069d8ef7b6467287,INTERNAL_MOVE,{Function visitor at lib/less/visitor.js:33},{Function visitor at lib/less/visitor.js:33})
08bd23dc2ae76b4a36504d5b069d8ef7b6467287,INTERNAL_MOVE,{Function visitComment at lib/less/to-css-visitor.js:31},{Function visitComment at lib/less/to-css-visitor.js:31})
08bd23dc2ae76b4a36504d5b069d8ef7b6467287,INTERNAL_MOVE,{Function eval at lib/less/tree/url.js:19},{Function eval at lib/less/tree/url.js:19})
08bd23dc2ae76b4a36504d5b069d8ef7b6467287,INTERNAL_MOVE,{Function resetCache at lib/less/tree/ruleset.js:202},{Function resetCache at lib/less/tree/ruleset.js:202})
08bd23dc2ae76b4a36504d5b069d8ef7b6467287,INTERNAL_MOVE,{Function visitMedia at lib/less/import-visitor.js:109},{Function visitMedia at lib/less/import-visitor.js:109})
08bd23dc2ae76b4a36504d5b069d8ef7b6467287,INTERNAL_MOVE,{Function hsl at lib/less/functions.js:12},{Function hsl at lib/less/functions.js:12})
08bd23dc2ae76b4a36504d5b069d8ef7b6467287,INTERNAL_MOVE,{Function isnumber at lib/less/functions.js:353},{Function isnumber at lib/less/functions.js:353})
08bd23dc2ae76b4a36504d5b069d8ef7b6467287,INTERNAL_MOVE,{Function genCSS at lib/less/tree/assignment.js:18},{Function genCSS at lib/less/tree/assignment.js:18})
08bd23dc2ae76b4a36504d5b069d8ef7b6467287,INTERNAL_MOVE,{Function genCSS at lib/less/tree/element.js:32},{Function genCSS at lib/less/tree/element.js:32})
08bd23dc2ae76b4a36504d5b069d8ef7b6467287,INTERNAL_MOVE,{Function Paren at lib/less/tree/paren.js:4},{Function Paren at lib/less/tree/paren.js:3})
08bd23dc2ae76b4a36504d5b069d8ef7b6467287,INTERNAL_MOVE,{Function eval at lib/less/tree/comment.js:22},{Function eval at lib/less/tree/comment.js:22})
08bd23dc2ae76b4a36504d5b069d8ef7b6467287,INTERNAL_MOVE,{Function eval at lib/less/tree/directive.js:40},{Function eval at lib/less/tree/directive.js:40})
08bd23dc2ae76b4a36504d5b069d8ef7b6467287,INTERNAL_MOVE,{Function joinSelector at lib/less/tree/ruleset.js:388},{Function joinSelector at lib/less/tree/ruleset.js:388})
08bd23dc2ae76b4a36504d5b069d8ef7b6467287,INTERNAL_MOVE,{Function visitMixinDefinitionOut at lib/less/import-visitor.js:99},{Function visitMixinDefinitionOut at lib/less/import-visitor.js:99})
08bd23dc2ae76b4a36504d5b069d8ef7b6467287,MOVE,{Function cancel at lib/less/tree/dimension.js:277},{Function cancel at lib/less/tree/unit.js:90})
08bd23dc2ae76b4a36504d5b069d8ef7b6467287,INTERNAL_MOVE,{Function genCSS at lib/less/tree/comment.js:10},{Function genCSS at lib/less/tree/comment.js:10})
08bd23dc2ae76b4a36504d5b069d8ef7b6467287,INTERNAL_MOVE,{Function Element at lib/less/tree/element.js:3},{Function Element at lib/less/tree/element.js:3})
08bd23dc2ae76b4a36504d5b069d8ef7b6467287,INTERNAL_MOVE,{Function rulesets at lib/less/tree/media.js:68},{Function rulesets at lib/less/tree/media.js:68})
08bd23dc2ae76b4a36504d5b069d8ef7b6467287,INTERNAL_MOVE,{Function initFunctions at lib/less/functions.js:689},{Function initFunctions at lib/less/functions.js:689})
08bd23dc2ae76b4a36504d5b069d8ef7b6467287,INTERNAL_MOVE,{Function isurl at lib/less/functions.js:362},{Function isurl at lib/less/functions.js:362})
08bd23dc2ae76b4a36504d5b069d8ef7b6467287,MOVE,{Function isLength at lib/less/tree/dimension.js:230},{Function isLength at lib/less/tree/unit.js:43})
08bd23dc2ae76b4a36504d5b069d8ef7b6467287,INTERNAL_MOVE,{Function visitMediaOut at lib/less/extend-visitor.js:403},{Function visitMediaOut at lib/less/extend-visitor.js:403})
08bd23dc2ae76b4a36504d5b069d8ef7b6467287,INTERNAL_MOVE,{Function accept at lib/less/tree/expression.js:6},{Function accept at lib/less/tree/expression.js:6})
08bd23dc2ae76b4a36504d5b069d8ef7b6467287,INTERNAL_MOVE,{Function accept at lib/less/tree/call.js:14},{Function accept at lib/less/tree/call.js:14})
08bd23dc2ae76b4a36504d5b069d8ef7b6467287,INTERNAL_MOVE,{Function sourceMapOutput at lib/less/source-map-output.js:3},{Function sourceMapOutput at lib/less/source-map-output.js:3})
08bd23dc2ae76b4a36504d5b069d8ef7b6467287,RENAME,{File mixin.js at lib/less/tree/mixin.js:1},{File mixin-definition.js at lib/less/tree/mixin-definition.js:1})
08bd23dc2ae76b4a36504d5b069d8ef7b6467287,MOVE,{Function isEmpty at lib/less/tree/dimension.js:234},{Function isEmpty at lib/less/tree/unit.js:47})
a038121676ac06a905324697a8fc5c41f30070fd,RENAME,{Function interpolationReplacementFnc at lib/less/tree/quoted.js:28},{Function interpolationReplacement at lib/less/tree/quoted.js:27})
d9c42e206d7c26e8c35a6b270678303ac83cdd78,MOVE,{File fs.js at lib/less/environment/node/fs.js:1},{File fs.js at lib/less-node/fs.js:1})
d9c42e206d7c26e8c35a6b270678303ac83cdd78,MOVE_RENAME,{File node.js at lib/less/environment/node.js:1},{File environment.js at lib/less-node/environment.js:1})
d9c42e206d7c26e8c35a6b270678303ac83cdd78,MOVE_RENAME,{File lessc_helper.js at lib/less/lessc_helper.js:1},{File lessc-helper.js at lib/less-node/lessc-helper.js:1})
d9c42e206d7c26e8c35a6b270678303ac83cdd78,MOVE,{Function writeError at lib/less/index.js:54},{Function writeError at lib/less-node/index.js:54})
d9c42e206d7c26e8c35a6b270678303ac83cdd78,MOVE,{Function formatError at lib/less/index.js:4},{Function formatError at lib/less-node/index.js:4})
d9c42e206d7c26e8c35a6b270678303ac83cdd78,MOVE,{Function exports at lib/less/non-node-index.js:1},{Function exports at lib/less/index.js:1})
d9c42e206d7c26e8c35a6b270678303ac83cdd78,MOVE_RENAME,{File browser.js at lib/less/browser.js:1},{File index.js at lib/less-browser/index.js:1})
d9c42e206d7c26e8c35a6b270678303ac83cdd78,MOVE_RENAME,{File browser.js at lib/less/environment/browser.js:1},{File environment.js at lib/less-browser/environment.js:1})
a0658a4b1533ab6bdaf2ddea6210134d0cd07dc6,MOVE_RENAME,{Function render at lib/less/index.js:5},{Function exports at lib/less/render.js:3})
41732cc60bbcf5191ebb5bf1794719963f84671d,EXTRACT_MOVE,{Function selector at lib/less/parser/parser.js:1311},{Function currentChar at lib/less/parser/parser-input.js:200})
41732cc60bbcf5191ebb5bf1794719963f84671d,MOVE,{Function save at lib/less/parser/parser.js:64},{Function save at lib/less/parser/parser-input.js:14})
41732cc60bbcf5191ebb5bf1794719963f84671d,EXTRACT_MOVE,{Function dimension at lib/less/parser/parser.js:837},{Function peekNotNumeric at lib/less/parser/parser-input.js:208})
41732cc60bbcf5191ebb5bf1794719963f84671d,MOVE,{Function restore at lib/less/parser/parser.js:68},{Function restore at lib/less/parser/parser-input.js:18})
41732cc60bbcf5191ebb5bf1794719963f84671d,EXTRACT_MOVE,{Function url at lib/less/parser/parser.js:767},{Function currentChar at lib/less/parser/parser-input.js:200})
41732cc60bbcf5191ebb5bf1794719963f84671d,EXTRACT_MOVE,{Function args at lib/less/parser/parser.js:1004},{Function currentChar at lib/less/parser/parser-input.js:200})
41732cc60bbcf5191ebb5bf1794719963f84671d,MOVE,{Function forget at lib/less/parser/parser.js:78},{Function forget at lib/less/parser/parser-input.js:28})
41732cc60bbcf5191ebb5bf1794719963f84671d,EXTRACT_MOVE,{Function expect at lib/less/parser/parser.js:226},{Function currentChar at lib/less/parser/parser-input.js:200})
41732cc60bbcf5191ebb5bf1794719963f84671d,MOVE,{Function peek at lib/less/parser/parser.js:254},{Function peek at lib/less/parser/parser-input.js:186})
41732cc60bbcf5191ebb5bf1794719963f84671d,MOVE,{Function skipWhitespace at lib/less/parser/parser.js:169},{Function skipWhitespace at lib/less/parser/parser-input.js:123})
41732cc60bbcf5191ebb5bf1794719963f84671d,EXTRACT_MOVE,{Function important at lib/less/parser/parser.js:1739},{Function currentChar at lib/less/parser/parser-input.js:200})
41732cc60bbcf5191ebb5bf1794719963f84671d,MOVE,{Function $char at lib/less/parser/parser.js:152},{Function $char at lib/less/parser/parser-input.js:102})
41732cc60bbcf5191ebb5bf1794719963f84671d,EXTRACT_MOVE,{Function call at lib/less/parser/parser.js:967},{Function currentChar at lib/less/parser/parser-input.js:200})
41732cc60bbcf5191ebb5bf1794719963f84671d,EXTRACT_MOVE,{Function variable at lib/less/parser/parser.js:795},{Function currentChar at lib/less/parser/parser-input.js:200})
41732cc60bbcf5191ebb5bf1794719963f84671d,EXTRACT_MOVE,{Function rulesetCall at lib/less/parser/parser.js:903},{Function currentChar at lib/less/parser/parser-input.js:200})
41732cc60bbcf5191ebb5bf1794719963f84671d,MOVE,{Function peekChar at lib/less/parser/parser.js:263},{Function peekChar at lib/less/parser/parser-input.js:196})
41732cc60bbcf5191ebb5bf1794719963f84671d,MOVE,{Function getLocation at lib/less/parser/parser.js:276},{Function getLocation at lib/less/parser/parser-input.js:214})
41732cc60bbcf5191ebb5bf1794719963f84671d,MOVE,{Function isWhitespace at lib/less/parser/parser.js:88},{Function isWhitespace at lib/less/parser/parser-input.js:37})
41732cc60bbcf5191ebb5bf1794719963f84671d,MOVE,{Function $ at lib/less/parser/parser.js:95},{Function $ at lib/less/parser/parser-input.js:45})
41732cc60bbcf5191ebb5bf1794719963f84671d,EXTRACT_MOVE,{Function color at lib/less/parser/parser.js:819},{Function currentChar at lib/less/parser/parser-input.js:200})
41732cc60bbcf5191ebb5bf1794719963f84671d,EXTRACT_MOVE,{Function directive at lib/less/parser/parser.js:1622},{Function currentChar at lib/less/parser/parser-input.js:200})
41732cc60bbcf5191ebb5bf1794719963f84671d,MOVE,{Function sync at lib/less/parser/parser.js:82},{Function sync at lib/less/parser/parser-input.js:31})
41732cc60bbcf5191ebb5bf1794719963f84671d,EXTRACT_MOVE,{Function rule at lib/less/parser/parser.js:1422},{Function currentChar at lib/less/parser/parser-input.js:200})
41732cc60bbcf5191ebb5bf1794719963f84671d,EXTRACT_MOVE,{Function variableCurly at lib/less/parser/parser.js:804},{Function currentChar at lib/less/parser/parser-input.js:200})
41732cc60bbcf5191ebb5bf1794719963f84671d,EXTRACT_MOVE,{Function combinator at lib/less/parser/parser.js:1269},{Function currentChar at lib/less/parser/parser-input.js:200})
41732cc60bbcf5191ebb5bf1794719963f84671d,EXTRACT_MOVE,{Function definition at lib/less/parser/parser.js:1139},{Function currentChar at lib/less/parser/parser-input.js:200})
41732cc60bbcf5191ebb5bf1794719963f84671d,EXTRACT_MOVE,{Function expectChar at lib/less/parser/parser.js:237},{Function currentChar at lib/less/parser/parser-input.js:200})
41732cc60bbcf5191ebb5bf1794719963f84671d,MOVE,{Function $re at lib/less/parser/parser.js:133},{Function $re at lib/less/parser/parser-input.js:83})
41732cc60bbcf5191ebb5bf1794719963f84671d,EXTRACT_MOVE,{Function parse at lib/less/parser/parser.js:317},{Function end at lib/less/parser/parser-input.js:267})
41732cc60bbcf5191ebb5bf1794719963f84671d,EXTRACT_MOVE,{Function getInput at lib/less/parser/parser.js:268},{Function getInput at lib/less/parser/parser-input.js:204})
41732cc60bbcf5191ebb5bf1794719963f84671d,EXTRACT_MOVE,{Function variable at lib/less/parser/parser.js:892},{Function currentChar at lib/less/parser/parser-input.js:200})
41732cc60bbcf5191ebb5bf1794719963f84671d,EXTRACT_MOVE,{Function parse at lib/less/parser/parser.js:317},{Function start at lib/less/parser/parser-input.js:235})
3229b45fea3d4f3e5a4aef3f113614138a14dec3,INTERNAL_MOVE,{Function alwaysMakePathsAbsolute at lib/less/environments/browser.js:42},{Function alwaysMakePathsAbsolute at lib/less/environments/browser.js:44})
3229b45fea3d4f3e5a4aef3f113614138a14dec3,INTERNAL_MOVE,{Function doXHR at lib/less/environments/browser.js:128},{Function doXHR at lib/less/environments/browser.js:130})
3229b45fea3d4f3e5a4aef3f113614138a14dec3,INTERNAL_MOVE,{Function pathDiff at lib/less/environments/browser.js:45},{Function pathDiff at lib/less/environments/browser.js:47})
3229b45fea3d4f3e5a4aef3f113614138a14dec3,INTERNAL_MOVE,{Function getXMLHttpRequest at lib/less/environments/browser.js:8},{Function getXMLHttpRequest at lib/less/environments/browser.js:10})
3229b45fea3d4f3e5a4aef3f113614138a14dec3,INTERNAL_MOVE,{Function getPath at lib/less/environments/browser.js:28},{Function getPath at lib/less/environments/browser.js:30})
3229b45fea3d4f3e5a4aef3f113614138a14dec3,INTERNAL_MOVE,{Function join at lib/less/environments/browser.js:68},{Function join at lib/less/environments/browser.js:70})
3229b45fea3d4f3e5a4aef3f113614138a14dec3,INTERNAL_MOVE,{Function warn at lib/less/environments/browser.js:24},{Function warn at lib/less/environments/browser.js:26})
3229b45fea3d4f3e5a4aef3f113614138a14dec3,INTERNAL_MOVE,{Function isPathAbsolute at lib/less/environments/browser.js:39},{Function isPathAbsolute at lib/less/environments/browser.js:41})
3229b45fea3d4f3e5a4aef3f113614138a14dec3,INTERNAL_MOVE,{Function extractUrlParts at lib/less/environments/browser.js:75},{Function extractUrlParts at lib/less/environments/browser.js:77})
3229b45fea3d4f3e5a4aef3f113614138a14dec3,INTERNAL_MOVE,{Function loadFile at lib/less/environments/browser.js:165},{Function loadFile at lib/less/environments/browser.js:167})
07f9ba258efa8bf074c5d53a34f04823da301ba8,MOVE,{Function LessError at lib/less/parser.js:323},{Function LessError at lib/less/less-error.js:3})
07f9ba258efa8bf074c5d53a34f04823da301ba8,MOVE,{Function fail at lib/less/parser.js:389},{Function fail at lib/less/chunker.js:10})
07f9ba258efa8bf074c5d53a34f04823da301ba8,MOVE,{Function emitChunk at lib/less/parser.js:398},{Function emitChunk at lib/less/chunker.js:19})
ddf1a45e5eb572d72255acfe36cd8b03ec0d3141,EXTRACT_MOVE,{Function exports at lib/less/functions.js:1},{Function charsetLookup at lib/less/environments/node.js:20})
ddf1a45e5eb572d72255acfe36cd8b03ec0d3141,EXTRACT_MOVE,{Function parse at lib/less/parser.js:366},{Function getCleanCSS at lib/less/environments/node.js:26})
ddf1a45e5eb572d72255acfe36cd8b03ec0d3141,EXTRACT_MOVE,{Function exports at lib/less/functions.js:1},{Function mimeLookup at lib/less/environments/node.js:17})
ddf1a45e5eb572d72255acfe36cd8b03ec0d3141,EXTRACT_MOVE,{Function exports at lib/less/functions.js:1},{Function readFileSync at lib/less/environments/node.js:23})
ddf1a45e5eb572d72255acfe36cd8b03ec0d3141,EXTRACT_MOVE,{Function getDebugInfo at lib/less/parser.js:313},{Function getAbsolutePath at lib/less/environments/node.js:42})
9d94e1c914364e68a4c8fb76d587a1ab43c6060f,MOVE,{Function getXMLHttpRequest at lib/less/browser.js:404},{Function getXMLHttpRequest at lib/less/environments/browser.js:8})
9d94e1c914364e68a4c8fb76d587a1ab43c6060f,MOVE,{Function doXHR at lib/less/browser.js:418},{Function doXHR at lib/less/environments/browser.js:119})
9d94e1c914364e68a4c8fb76d587a1ab43c6060f,MOVE,{Function extractUrlParts at lib/less/browser.js:326},{Function extractUrlParts at lib/less/environments/browser.js:66})
9d94e1c914364e68a4c8fb76d587a1ab43c6060f,MOVE,{Function pathDiff at lib/less/browser.js:380},{Function pathDiff at lib/less/environments/browser.js:42})
723cdb501e2ab6b5cd64df7036b0cf5eb7de0055,MOVE,{Function serializeVars at lib/less/browser.js:598},{Function serializeVars at lib/less/parser.js:1733})
38a8664013df8281ea30b3fa6373437985790f1b,RENAME,{Function toCSS at lib/less/tree/dimension.js:23},{Function genCSS at lib/less/tree/dimension.js:23})
38a8664013df8281ea30b3fa6373437985790f1b,RENAME,{Function toCSS at lib/less/tree/rule.js:19},{Function genCSS at lib/less/tree/rule.js:19})
38a8664013df8281ea30b3fa6373437985790f1b,RENAME,{Function toCSS at lib/less/tree/dimension.js:185},{Function genCSS at lib/less/tree/dimension.js:190})
38a8664013df8281ea30b3fa6373437985790f1b,MOVE_RENAME,{Function mergeRules at lib/less/tree/ruleset.js:441},{Function _mergeRules at lib/less/to-css-visitor.js:162})
38a8664013df8281ea30b3fa6373437985790f1b,RENAME,{Function xhr at lib/less/browser.js:430},{Function doXHR at lib/less/browser.js:432})
38a8664013df8281ea30b3fa6373437985790f1b,EXTRACT,{Function toCSS at lib/less/tree/color.js:36},{Function toRGB at lib/less/tree/color.js:79})
8eeaf87a791b095434be41d86fd18dda04be76ec,RENAME,{Function xhr at lib/less/browser.js:430},{Function doXHR at lib/less/browser.js:432})
6c5072ebbca97138f81d02b19a4c2e70b13bb2f8,INTERNAL_MOVE,{Function errorline at lib/less/browser.js:509},{Function errorline at lib/less/browser.js:566})
6c5072ebbca97138f81d02b19a4c2e70b13bb2f8,EXTRACT,{Function error at lib/less/browser.js:496},{Function errorHTML at lib/less/browser.js:553})
6c5072ebbca97138f81d02b19a4c2e70b13bb2f8,EXTRACT,{Function error at lib/less/browser.js:496},{Function errorConsole at lib/less/browser.js:525})
1cc63d11b472b9de0f7546a9cf07e653b3cee45b,INLINE,{Function toCSS at lib/less/tree/unicode-descriptor.js:11},{Function genCSS at lib/less/tree/unicode-descriptor.js:8})
1cc63d11b472b9de0f7546a9cf07e653b3cee45b,INLINE,{Function toCSS at lib/less/tree/rule.js:22},{Function genCSS at lib/less/tree/rule.js:19})
1cc63d11b472b9de0f7546a9cf07e653b3cee45b,INLINE,{Function toCSS at lib/less/tree/quoted.js:15},{Function genCSS at lib/less/tree/quoted.js:12})
1cc63d11b472b9de0f7546a9cf07e653b3cee45b,INLINE,{Function toCSS at lib/less/tree/unicode-descriptor.js:11},{Function genCSS at lib/less/tree/url.js:12})
1cc63d11b472b9de0f7546a9cf07e653b3cee45b,INLINE,{Function toCSS at lib/less/tree/paren.js:15},{Function genCSS at lib/less/tree/paren.js:12})
1cc63d11b472b9de0f7546a9cf07e653b3cee45b,INLINE,{Function toCSS at lib/less/tree/mixin.js:112},{Function genCSS at lib/less/tree/rule.js:19})
1cc63d11b472b9de0f7546a9cf07e653b3cee45b,INLINE,{Function toCSS at lib/less/tree/unicode-descriptor.js:11},{Function genCSS at lib/less/tree/value.js:20})
1cc63d11b472b9de0f7546a9cf07e653b3cee45b,INLINE,{Function toCSS at lib/less/tree/negative.js:14},{Function genCSS at lib/less/tree/negative.js:11})
1cc63d11b472b9de0f7546a9cf07e653b3cee45b,INLINE,{Function toCSS at lib/less/tree/mixin.js:112},{Function genCSS at lib/less/tree/selector.js:57})
1cc63d11b472b9de0f7546a9cf07e653b3cee45b,INLINE,{Function toCSS at lib/less/tree/url.js:15},{Function genCSS at lib/less/tree/url.js:12})
1cc63d11b472b9de0f7546a9cf07e653b3cee45b,INLINE,{Function toCSS at lib/less/tree/value.js:23},{Function genCSS at lib/less/tree/value.js:20})
c68352dc17c0a4ab83b1080499149af640b988eb,EXTRACT,{Function toCSS at lib/less/tree/color.js:36},{Function toRGB at lib/less/tree/color.js:77})
f99d29cfad5921ff0cb40dc7a9c66e2179847959,INLINE,{Function toCSS at lib/less/tree/ruleset.js:191},{Function genCSS at lib/less/tree/ruleset.js:183})
d6f386727c5ddd5273f67c2e160d98412aeec276,MOVE_RENAME,{Function mergeRules at lib/less/tree/ruleset.js:452},{Function _mergeRules at lib/less/to-css-visitor.js:159})
0267de4fac554279cc1da25374462a0bdd32493d,MOVE_RENAME,{File less.js at lib/less.js:1},{File index.js at index.js:1})
0267de4fac554279cc1da25374462a0bdd32493d,MOVE,{Function find at lib/ext/array.js:1},{Function find at lib/less/tree.js:12})