3c1836ab43a2a5ab4befc93d80bdb667196c4e21,MOVE,{Function isBrowsersQueryValid at experimental/babel-preset-env/src/index.js:51},{Function isBrowsersQueryValid at experimental/babel-preset-env/src/targets-parser.js:14})
3c1836ab43a2a5ab4befc93d80bdb667196c4e21,MOVE,{Function getLowestVersions at experimental/babel-preset-env/src/index.js:64},{Function getLowestVersions at experimental/babel-preset-env/src/targets-parser.js:21})
0781f711d0da559abe2945d6a9b868cb7a2fc53e,MOVE,{Function getLowestVersions at experimental/babel-preset-env/src/index.js:59},{Function getLowestVersions at experimental/babel-preset-env/src/targets-parser.js:22})
0781f711d0da559abe2945d6a9b868cb7a2fc53e,MOVE,{Function isBrowsersQueryValid at experimental/babel-preset-env/src/index.js:45},{Function isBrowsersQueryValid at experimental/babel-preset-env/src/targets-parser.js:15})
aad13388c7ebd924680337a4198c3c6783ebbe41,MOVE,{File actual.js at experimental/babel-preset-env/test/fixtures/preset-options/uglify/actual.js:1},{File actual.js at experimental/babel-preset-env/test/fixtures/preset-options/force-all-transforms/actual.js:1})
aad13388c7ebd924680337a4198c3c6783ebbe41,MOVE,{File expected.js at experimental/babel-preset-env/test/fixtures/preset-options/uglify/expected.js:1},{File expected.js at experimental/babel-preset-env/test/fixtures/preset-options/force-all-transforms/expected.js:1})
c4fb3fe742c61ee2dd0ab1b1197a254d3c9f6a55,INTERNAL_MOVE,{Function parseExportSpecifiers at src/parser/statement.js:995},{Function parseExportSpecifiers at src/parser/statement.js:995})
c4fb3fe742c61ee2dd0ab1b1197a254d3c9f6a55,INTERNAL_MOVE,{Function parseParenExpression at src/parser/expression.js:560},{Function parseParenExpression at src/parser/expression.js:559})
c4fb3fe742c61ee2dd0ab1b1197a254d3c9f6a55,INTERNAL_MOVE,{Function checkDuplicateExports at src/parser/statement.js:979},{Function checkDuplicateExports at src/parser/statement.js:979})
c4fb3fe742c61ee2dd0ab1b1197a254d3c9f6a55,INTERNAL_MOVE,{Function expectContextual at src/parser/util.js:48},{Function expectContextual at src/parser/util.js:47})
c4fb3fe742c61ee2dd0ab1b1197a254d3c9f6a55,INTERNAL_MOVE,{Function parseExprSubscripts at src/parser/expression.js:263},{Function parseExprSubscripts at src/parser/expression.js:262})
c4fb3fe742c61ee2dd0ab1b1197a254d3c9f6a55,INTERNAL_MOVE,{Function expect at src/parser/util.js:76},{Function expect at src/parser/util.js:75})
c4fb3fe742c61ee2dd0ab1b1197a254d3c9f6a55,INTERNAL_MOVE,{Function parseExprOps at src/parser/expression.js:168},{Function parseExprOps at src/parser/expression.js:167})
c4fb3fe742c61ee2dd0ab1b1197a254d3c9f6a55,INTERNAL_MOVE,{Function parseImportSpecifierDefault at src/parser/statement.js:1100},{Function parseImportSpecifierDefault at src/parser/statement.js:1100})
c4fb3fe742c61ee2dd0ab1b1197a254d3c9f6a55,INTERNAL_MOVE,{Function parseExportDeclaration at src/parser/statement.js:878},{Function parseExportDeclaration at src/parser/statement.js:878})
c4fb3fe742c61ee2dd0ab1b1197a254d3c9f6a55,INTERNAL_MOVE,{Function resetStartLocationFromNode at src/parser/node.js:70},{Function resetStartLocationFromNode at src/parser/node.js:66})
c4fb3fe742c61ee2dd0ab1b1197a254d3c9f6a55,INTERNAL_MOVE,{Function parseFunctionBody at src/parser/expression.js:969},{Function parseFunctionBody at src/parser/expression.js:968})
c4fb3fe742c61ee2dd0ab1b1197a254d3c9f6a55,INTERNAL_MOVE,{Function expectRelational at src/parser/util.js:26},{Function expectRelational at src/parser/util.js:25})
c4fb3fe742c61ee2dd0ab1b1197a254d3c9f6a55,MOVE,{Function hasPlugin at src/parser/index.js:32},{Function hasPlugin at src/parser/base.js:21})
c4fb3fe742c61ee2dd0ab1b1197a254d3c9f6a55,INTERNAL_MOVE,{Function toAssignableList at src/parser/lval.js:70},{Function toAssignableList at src/parser/lval.js:69})
c4fb3fe742c61ee2dd0ab1b1197a254d3c9f6a55,INTERNAL_MOVE,{Function parseExportFrom at src/parser/statement.js:903},{Function parseExportFrom at src/parser/statement.js:903})
c4fb3fe742c61ee2dd0ab1b1197a254d3c9f6a55,INTERNAL_MOVE,{Function parseStatement at src/parser/statement.js:56},{Function parseStatement at src/parser/statement.js:60})
c4fb3fe742c61ee2dd0ab1b1197a254d3c9f6a55,INTERNAL_MOVE,{Function parseFunctionStatement at src/parser/statement.js:278},{Function parseFunctionStatement at src/parser/statement.js:282})
c4fb3fe742c61ee2dd0ab1b1197a254d3c9f6a55,INTERNAL_MOVE,{Function parseClassProperty at src/parser/statement.js:772},{Function parseClassProperty at src/parser/statement.js:772})
c4fb3fe742c61ee2dd0ab1b1197a254d3c9f6a55,INTERNAL_MOVE,{Function isGetterOrSetterMethod at src/parser/expression.js:824},{Function isGetterOrSetterMethod at src/parser/expression.js:823})
c4fb3fe742c61ee2dd0ab1b1197a254d3c9f6a55,INTERNAL_MOVE,{Function parseBindingIdentifier at src/parser/lval.js:121},{Function parseBindingIdentifier at src/parser/lval.js:120})
c4fb3fe742c61ee2dd0ab1b1197a254d3c9f6a55,INTERNAL_MOVE,{Function isRelational at src/parser/util.js:20},{Function isRelational at src/parser/util.js:19})
c4fb3fe742c61ee2dd0ab1b1197a254d3c9f6a55,INTERNAL_MOVE,{Function shouldParseAsyncArrow at src/parser/expression.js:357},{Function shouldParseAsyncArrow at src/parser/expression.js:356})
c4fb3fe742c61ee2dd0ab1b1197a254d3c9f6a55,INTERNAL_MOVE,{Function parseAwait at src/parser/expression.js:1093},{Function parseAwait at src/parser/expression.js:1092})
c4fb3fe742c61ee2dd0ab1b1197a254d3c9f6a55,INTERNAL_MOVE,{Function parseExpressionStatement at src/parser/statement.js:449},{Function parseExpressionStatement at src/parser/statement.js:449})
c4fb3fe742c61ee2dd0ab1b1197a254d3c9f6a55,INTERNAL_MOVE,{Function parseEmptyStatement at src/parser/statement.js:419},{Function parseEmptyStatement at src/parser/statement.js:419})
c4fb3fe742c61ee2dd0ab1b1197a254d3c9f6a55,INTERNAL_MOVE,{Function unexpected at src/parser/util.js:83},{Function unexpected at src/parser/util.js:82})
c4fb3fe742c61ee2dd0ab1b1197a254d3c9f6a55,INTERNAL_MOVE,{Function parseTemplate at src/parser/expression.js:706},{Function parseTemplate at src/parser/expression.js:705})
c4fb3fe742c61ee2dd0ab1b1197a254d3c9f6a55,INTERNAL_MOVE,{Function parseVarStatement at src/parser/statement.js:395},{Function parseVarStatement at src/parser/statement.js:395})
c4fb3fe742c61ee2dd0ab1b1197a254d3c9f6a55,INTERNAL_MOVE,{Function stmtToDirective at src/parser/statement.js:32},{Function stmtToDirective at src/parser/statement.js:36})
c4fb3fe742c61ee2dd0ab1b1197a254d3c9f6a55,INTERNAL_MOVE,{Function canInsertSemicolon at src/parser/util.js:54},{Function canInsertSemicolon at src/parser/util.js:53})
c4fb3fe742c61ee2dd0ab1b1197a254d3c9f6a55,INTERNAL_MOVE,{Function parseLiteral at src/parser/expression.js:548},{Function parseLiteral at src/parser/expression.js:547})
c4fb3fe742c61ee2dd0ab1b1197a254d3c9f6a55,INTERNAL_MOVE,{Function parseExprList at src/parser/expression.js:1024},{Function parseExprList at src/parser/expression.js:1023})
c4fb3fe742c61ee2dd0ab1b1197a254d3c9f6a55,INTERNAL_MOVE,{Function parseNew at src/parser/expression.js:660},{Function parseNew at src/parser/expression.js:659})
c4fb3fe742c61ee2dd0ab1b1197a254d3c9f6a55,INTERNAL_MOVE,{Function parseWhileStatement at src/parser/statement.js:402},{Function parseWhileStatement at src/parser/statement.js:402})
c4fb3fe742c61ee2dd0ab1b1197a254d3c9f6a55,INTERNAL_MOVE,{Function checkExport at src/parser/statement.js:927},{Function checkExport at src/parser/statement.js:927})
c4fb3fe742c61ee2dd0ab1b1197a254d3c9f6a55,INTERNAL_MOVE,{Function parseObj at src/parser/expression.js:724},{Function parseObj at src/parser/expression.js:723})
c4fb3fe742c61ee2dd0ab1b1197a254d3c9f6a55,INTERNAL_MOVE,{Function isExportDefaultSpecifier at src/parser/statement.js:882},{Function isExportDefaultSpecifier at src/parser/statement.js:882})
c4fb3fe742c61ee2dd0ab1b1197a254d3c9f6a55,INTERNAL_MOVE,{Function parseAssignableListItemTypes at src/parser/lval.js:179},{Function parseAssignableListItemTypes at src/parser/lval.js:178})
c4fb3fe742c61ee2dd0ab1b1197a254d3c9f6a55,INTERNAL_MOVE,{Function takeDecorators at src/parser/statement.js:142},{Function takeDecorators at src/parser/statement.js:146})
c4fb3fe742c61ee2dd0ab1b1197a254d3c9f6a55,INTERNAL_MOVE,{Function parseExport at src/parser/statement.js:812},{Function parseExport at src/parser/statement.js:812})
c4fb3fe742c61ee2dd0ab1b1197a254d3c9f6a55,INTERNAL_MOVE,{Function parseMaybeConditional at src/parser/expression.js:145},{Function parseMaybeConditional at src/parser/expression.js:144})
c4fb3fe742c61ee2dd0ab1b1197a254d3c9f6a55,INTERNAL_MOVE,{Function parseVar at src/parser/statement.js:549},{Function parseVar at src/parser/statement.js:549})
c4fb3fe742c61ee2dd0ab1b1197a254d3c9f6a55,INTERNAL_MOVE,{Function parseExportSpecifiersMaybe at src/parser/statement.js:897},{Function parseExportSpecifiersMaybe at src/parser/statement.js:897})
c4fb3fe742c61ee2dd0ab1b1197a254d3c9f6a55,INTERNAL_MOVE,{Function isLineTerminator at src/parser/util.js:62},{Function isLineTerminator at src/parser/util.js:61})
c4fb3fe742c61ee2dd0ab1b1197a254d3c9f6a55,INTERNAL_MOVE,{Function getExpression at src/parser/expression.js:46},{Function getExpression at src/parser/expression.js:45})
c4fb3fe742c61ee2dd0ab1b1197a254d3c9f6a55,INTERNAL_MOVE,{Function parseObjPropValue at src/parser/expression.js:899},{Function parseObjPropValue at src/parser/expression.js:898})
c4fb3fe742c61ee2dd0ab1b1197a254d3c9f6a55,INTERNAL_MOVE,{Function parseSubscripts at src/parser/expression.js:280},{Function parseSubscripts at src/parser/expression.js:279})
c4fb3fe742c61ee2dd0ab1b1197a254d3c9f6a55,INTERNAL_MOVE,{Function parseFunctionParams at src/parser/statement.js:609},{Function parseFunctionParams at src/parser/statement.js:609})
c4fb3fe742c61ee2dd0ab1b1197a254d3c9f6a55,INTERNAL_MOVE,{Function parsePropertyName at src/parser/expression.js:909},{Function parsePropertyName at src/parser/expression.js:908})
c4fb3fe742c61ee2dd0ab1b1197a254d3c9f6a55,INTERNAL_MOVE,{Function parseDebuggerStatement at src/parser/statement.js:201},{Function parseDebuggerStatement at src/parser/statement.js:205})
c4fb3fe742c61ee2dd0ab1b1197a254d3c9f6a55,INTERNAL_MOVE,{Function parseExprAtom at src/parser/expression.js:379},{Function parseExprAtom at src/parser/expression.js:378})
c4fb3fe742c61ee2dd0ab1b1197a254d3c9f6a55,INTERNAL_MOVE,{Function parseMaybeAssign at src/parser/expression.js:89},{Function parseMaybeAssign at src/parser/expression.js:88})
c4fb3fe742c61ee2dd0ab1b1197a254d3c9f6a55,INTERNAL_MOVE,{Function shouldParseExportDeclaration at src/parser/statement.js:918},{Function shouldParseExportDeclaration at src/parser/statement.js:918})
c4fb3fe742c61ee2dd0ab1b1197a254d3c9f6a55,INTERNAL_MOVE,{Function parseImportSpecifier at src/parser/statement.js:1087},{Function parseImportSpecifier at src/parser/statement.js:1087})
c4fb3fe742c61ee2dd0ab1b1197a254d3c9f6a55,INTERNAL_MOVE,{Function parseThrowStatement at src/parser/statement.js:353},{Function parseThrowStatement at src/parser/statement.js:357})
c4fb3fe742c61ee2dd0ab1b1197a254d3c9f6a55,INTERNAL_MOVE,{Function parseExpression at src/parser/expression.js:70},{Function parseExpression at src/parser/expression.js:69})
c4fb3fe742c61ee2dd0ab1b1197a254d3c9f6a55,INTERNAL_MOVE,{Function isClassProperty at src/parser/statement.js:626},{Function isClassProperty at src/parser/statement.js:626})
c4fb3fe742c61ee2dd0ab1b1197a254d3c9f6a55,INTERNAL_MOVE,{Function parseNoCallExpr at src/parser/expression.js:368},{Function parseNoCallExpr at src/parser/expression.js:367})
c4fb3fe742c61ee2dd0ab1b1197a254d3c9f6a55,INTERNAL_MOVE,{Function startNode at src/parser/node.js:37},{Function startNode at src/parser/node.js:38})
c4fb3fe742c61ee2dd0ab1b1197a254d3c9f6a55,INTERNAL_MOVE,{Function finishNode at src/parser/node.js:56},{Function finishNode at src/parser/node.js:48})
c4fb3fe742c61ee2dd0ab1b1197a254d3c9f6a55,INTERNAL_MOVE,{Function raise at src/parser/location.js:12},{Function raise at src/parser/location.js:11})
c4fb3fe742c61ee2dd0ab1b1197a254d3c9f6a55,INTERNAL_MOVE,{Function shouldAllowYieldIdentifier at src/parser/lval.js:117},{Function shouldAllowYieldIdentifier at src/parser/lval.js:116})
c4fb3fe742c61ee2dd0ab1b1197a254d3c9f6a55,INTERNAL_MOVE,{Function parseRest at src/parser/lval.js:110},{Function parseRest at src/parser/lval.js:109})
c4fb3fe742c61ee2dd0ab1b1197a254d3c9f6a55,INTERNAL_MOVE,{Function isStrictBody at src/parser/expression.js:956},{Function isStrictBody at src/parser/expression.js:955})
c4fb3fe742c61ee2dd0ab1b1197a254d3c9f6a55,INTERNAL_MOVE,{Function parseConditional at src/parser/expression.js:154},{Function parseConditional at src/parser/expression.js:153})
c4fb3fe742c61ee2dd0ab1b1197a254d3c9f6a55,INTERNAL_MOVE,{Function parseClassId at src/parser/statement.js:794},{Function parseClassId at src/parser/statement.js:794})
c4fb3fe742c61ee2dd0ab1b1197a254d3c9f6a55,INTERNAL_MOVE,{Function parseWithStatement at src/parser/statement.js:411},{Function parseWithStatement at src/parser/statement.js:411})
c4fb3fe742c61ee2dd0ab1b1197a254d3c9f6a55,INTERNAL_MOVE,{Function parseForStatement at src/parser/statement.js:226},{Function parseForStatement at src/parser/statement.js:230})
c4fb3fe742c61ee2dd0ab1b1197a254d3c9f6a55,INTERNAL_MOVE,{Function parseVarHead at src/parser/statement.js:570},{Function parseVarHead at src/parser/statement.js:570})
c4fb3fe742c61ee2dd0ab1b1197a254d3c9f6a55,INTERNAL_MOVE,{Function finishNodeAt at src/parser/node.js:45},{Function finishNodeAt at src/parser/node.js:54})
c4fb3fe742c61ee2dd0ab1b1197a254d3c9f6a55,INTERNAL_MOVE,{Function initFunction at src/parser/expression.js:926},{Function initFunction at src/parser/expression.js:925})
c4fb3fe742c61ee2dd0ab1b1197a254d3c9f6a55,INTERNAL_MOVE,{Function parseClass at src/parser/statement.js:617},{Function parseClass at src/parser/statement.js:617})
c4fb3fe742c61ee2dd0ab1b1197a254d3c9f6a55,INTERNAL_MOVE,{Function parseIfStatement at src/parser/statement.js:283},{Function parseIfStatement at src/parser/statement.js:287})
c4fb3fe742c61ee2dd0ab1b1197a254d3c9f6a55,INTERNAL_MOVE,{Function parseDoStatement at src/parser/statement.js:207},{Function parseDoStatement at src/parser/statement.js:211})
c4fb3fe742c61ee2dd0ab1b1197a254d3c9f6a55,INTERNAL_MOVE,{Function shouldParseArrow at src/parser/expression.js:642},{Function shouldParseArrow at src/parser/expression.js:641})
c4fb3fe742c61ee2dd0ab1b1197a254d3c9f6a55,INTERNAL_MOVE,{Function isNonstaticConstructor at src/parser/statement.js:634},{Function isNonstaticConstructor at src/parser/statement.js:634})
c4fb3fe742c61ee2dd0ab1b1197a254d3c9f6a55,INTERNAL_MOVE,{Function parseDecorator at src/parser/statement.js:164},{Function parseDecorator at src/parser/statement.js:168})
c4fb3fe742c61ee2dd0ab1b1197a254d3c9f6a55,INTERNAL_MOVE,{Function parseParenItem at src/parser/expression.js:652},{Function parseParenItem at src/parser/expression.js:651})
c4fb3fe742c61ee2dd0ab1b1197a254d3c9f6a55,INTERNAL_MOVE,{Function processComment at src/parser/comments.js:41},{Function processComment at src/parser/comments.js:40})
c4fb3fe742c61ee2dd0ab1b1197a254d3c9f6a55,INTERNAL_MOVE,{Function parseBreakContinueStatement at src/parser/statement.js:174},{Function parseBreakContinueStatement at src/parser/statement.js:178})
c4fb3fe742c61ee2dd0ab1b1197a254d3c9f6a55,INTERNAL_MOVE,{Function semicolon at src/parser/util.js:69},{Function semicolon at src/parser/util.js:68})
c4fb3fe742c61ee2dd0ab1b1197a254d3c9f6a55,INTERNAL_MOVE,{Function parseForIn at src/parser/statement.js:531},{Function parseForIn at src/parser/statement.js:531})
c4fb3fe742c61ee2dd0ab1b1197a254d3c9f6a55,INTERNAL_MOVE,{Function parseYield at src/parser/expression.js:1107},{Function parseYield at src/parser/expression.js:1106})
c4fb3fe742c61ee2dd0ab1b1197a254d3c9f6a55,INTERNAL_MOVE,{Function parseObjectProperty at src/parser/expression.js:873},{Function parseObjectProperty at src/parser/expression.js:872})
c4fb3fe742c61ee2dd0ab1b1197a254d3c9f6a55,INTERNAL_MOVE,{Function checkReservedWord at src/parser/expression.js:1081},{Function checkReservedWord at src/parser/expression.js:1080})
c4fb3fe742c61ee2dd0ab1b1197a254d3c9f6a55,INTERNAL_MOVE,{Function isValidDirective at src/parser/statement.js:466},{Function isValidDirective at src/parser/statement.js:466})
c4fb3fe742c61ee2dd0ab1b1197a254d3c9f6a55,INTERNAL_MOVE,{Function toAssignable at src/parser/lval.js:9},{Function toAssignable at src/parser/lval.js:8})
c4fb3fe742c61ee2dd0ab1b1197a254d3c9f6a55,INTERNAL_MOVE,{Function parseTryStatement at src/parser/statement.js:366},{Function parseTryStatement at src/parser/statement.js:366})
c4fb3fe742c61ee2dd0ab1b1197a254d3c9f6a55,INTERNAL_MOVE,{Function parseSpread at src/parser/lval.js:103},{Function parseSpread at src/parser/lval.js:102})
c4fb3fe742c61ee2dd0ab1b1197a254d3c9f6a55,INTERNAL_MOVE,{Function parseClassBody at src/parser/statement.js:641},{Function parseClassBody at src/parser/statement.js:641})
c4fb3fe742c61ee2dd0ab1b1197a254d3c9f6a55,INTERNAL_MOVE,{Function parseMetaProperty at src/parser/expression.js:537},{Function parseMetaProperty at src/parser/expression.js:536})
c4fb3fe742c61ee2dd0ab1b1197a254d3c9f6a55,INTERNAL_MOVE,{Function parseArrow at src/parser/expression.js:646},{Function parseArrow at src/parser/expression.js:645})
c4fb3fe742c61ee2dd0ab1b1197a254d3c9f6a55,INTERNAL_MOVE,{Function parseParenAndDistinguishExpression at src/parser/expression.js:567},{Function parseParenAndDistinguishExpression at src/parser/expression.js:566})
c4fb3fe742c61ee2dd0ab1b1197a254d3c9f6a55,INTERNAL_MOVE,{Function checkLVal at src/parser/lval.js:200},{Function checkLVal at src/parser/lval.js:199})
c4fb3fe742c61ee2dd0ab1b1197a254d3c9f6a55,MOVE,{Function isReservedWord at src/parser/index.js:24},{Function isReservedWord at src/parser/base.js:13})
c4fb3fe742c61ee2dd0ab1b1197a254d3c9f6a55,INTERNAL_MOVE,{Function parseExprOp at src/parser/expression.js:185},{Function parseExprOp at src/parser/expression.js:184})
c4fb3fe742c61ee2dd0ab1b1197a254d3c9f6a55,INTERNAL_MOVE,{Function checkGetterSetterParamCount at src/parser/expression.js:840},{Function checkGetterSetterParamCount at src/parser/expression.js:839})
c4fb3fe742c61ee2dd0ab1b1197a254d3c9f6a55,INTERNAL_MOVE,{Function startNodeAt at src/parser/node.js:41},{Function startNodeAt at src/parser/node.js:42})
c4fb3fe742c61ee2dd0ab1b1197a254d3c9f6a55,INTERNAL_MOVE,{Function parseImportSpecifiers at src/parser/statement.js:1049},{Function parseImportSpecifiers at src/parser/statement.js:1049})
c4fb3fe742c61ee2dd0ab1b1197a254d3c9f6a55,INTERNAL_MOVE,{Function parseClassSuper at src/parser/statement.js:806},{Function parseClassSuper at src/parser/statement.js:806})
c4fb3fe742c61ee2dd0ab1b1197a254d3c9f6a55,INTERNAL_MOVE,{Function parseBlockBody at src/parser/statement.js:472},{Function parseBlockBody at src/parser/statement.js:472})
c4fb3fe742c61ee2dd0ab1b1197a254d3c9f6a55,INTERNAL_MOVE,{Function parseBlock at src/parser/statement.js:459},{Function parseBlock at src/parser/statement.js:459})
c4fb3fe742c61ee2dd0ab1b1197a254d3c9f6a55,INTERNAL_MOVE,{Function eatContextual at src/parser/util.js:42},{Function eatContextual at src/parser/util.js:41})
c4fb3fe742c61ee2dd0ab1b1197a254d3c9f6a55,INTERNAL_MOVE,{Function raiseDuplicateExportError at src/parser/statement.js:986},{Function raiseDuplicateExportError at src/parser/statement.js:986})
c4fb3fe742c61ee2dd0ab1b1197a254d3c9f6a55,INTERNAL_MOVE,{Function toReferencedList at src/parser/lval.js:97},{Function toReferencedList at src/parser/lval.js:96})
c4fb3fe742c61ee2dd0ab1b1197a254d3c9f6a55,INTERNAL_MOVE,{Function parseObjectMethod at src/parser/expression.js:852},{Function parseObjectMethod at src/parser/expression.js:851})
c4fb3fe742c61ee2dd0ab1b1197a254d3c9f6a55,INTERNAL_MOVE,{Function parseTopLevel at src/parser/statement.js:16},{Function parseTopLevel at src/parser/statement.js:22})
c4fb3fe742c61ee2dd0ab1b1197a254d3c9f6a55,INTERNAL_MOVE,{Function isClassMethod at src/parser/statement.js:630},{Function isClassMethod at src/parser/statement.js:630})
c4fb3fe742c61ee2dd0ab1b1197a254d3c9f6a55,INTERNAL_MOVE,{Function parseImport at src/parser/statement.js:1030},{Function parseImport at src/parser/statement.js:1030})
c4fb3fe742c61ee2dd0ab1b1197a254d3c9f6a55,INTERNAL_MOVE,{Function parseExprListItem at src/parser/expression.js:1041},{Function parseExprListItem at src/parser/expression.js:1040})
c4fb3fe742c61ee2dd0ab1b1197a254d3c9f6a55,INTERNAL_MOVE,{Function addExtra at src/parser/util.js:11},{Function addExtra at src/parser/util.js:10})
c4fb3fe742c61ee2dd0ab1b1197a254d3c9f6a55,INTERNAL_MOVE,{Function parseArrowExpression at src/parser/expression.js:949},{Function parseArrowExpression at src/parser/expression.js:948})
c4fb3fe742c61ee2dd0ab1b1197a254d3c9f6a55,INTERNAL_MOVE,{Function parseSwitchStatement at src/parser/statement.js:312},{Function parseSwitchStatement at src/parser/statement.js:316})
c4fb3fe742c61ee2dd0ab1b1197a254d3c9f6a55,INTERNAL_MOVE,{Function addComment at src/parser/comments.js:35},{Function addComment at src/parser/comments.js:34})
c4fb3fe742c61ee2dd0ab1b1197a254d3c9f6a55,INTERNAL_MOVE,{Function parseFor at src/parser/statement.js:516},{Function parseFor at src/parser/statement.js:516})
c4fb3fe742c61ee2dd0ab1b1197a254d3c9f6a55,INTERNAL_MOVE,{Function parseReturnStatement at src/parser/statement.js:291},{Function parseReturnStatement at src/parser/statement.js:295})
c4fb3fe742c61ee2dd0ab1b1197a254d3c9f6a55,INTERNAL_MOVE,{Function parseClassMethod at src/parser/statement.js:789},{Function parseClassMethod at src/parser/statement.js:789})
c4fb3fe742c61ee2dd0ab1b1197a254d3c9f6a55,INTERNAL_MOVE,{Function parseFunctionExpression at src/parser/expression.js:527},{Function parseFunctionExpression at src/parser/expression.js:526})
c4fb3fe742c61ee2dd0ab1b1197a254d3c9f6a55,INTERNAL_MOVE,{Function parseAsyncArrowFromCallExpression at src/parser/expression.js:361},{Function parseAsyncArrowFromCallExpression at src/parser/expression.js:360})
c4fb3fe742c61ee2dd0ab1b1197a254d3c9f6a55,INTERNAL_MOVE,{Function isContextual at src/parser/util.js:36},{Function isContextual at src/parser/util.js:35})
c4fb3fe742c61ee2dd0ab1b1197a254d3c9f6a55,INTERNAL_MOVE,{Function parseMaybeDefault at src/parser/lval.js:185},{Function parseMaybeDefault at src/parser/lval.js:184})
c4fb3fe742c61ee2dd0ab1b1197a254d3c9f6a55,INTERNAL_MOVE,{Function parseCallExpressionArguments at src/parser/expression.js:328},{Function parseCallExpressionArguments at src/parser/expression.js:327})
c4fb3fe742c61ee2dd0ab1b1197a254d3c9f6a55,INTERNAL_MOVE,{Function parseBindingAtom at src/parser/lval.js:126},{Function parseBindingAtom at src/parser/lval.js:125})
c4fb3fe742c61ee2dd0ab1b1197a254d3c9f6a55,INTERNAL_MOVE,{Function checkPropClash at src/parser/expression.js:32},{Function checkPropClash at src/parser/expression.js:31})
c4fb3fe742c61ee2dd0ab1b1197a254d3c9f6a55,INTERNAL_MOVE,{Function parseMaybeUnary at src/parser/expression.js:219},{Function parseMaybeUnary at src/parser/expression.js:218})
c4fb3fe742c61ee2dd0ab1b1197a254d3c9f6a55,INTERNAL_MOVE,{Function parseBindingList at src/parser/lval.js:146},{Function parseBindingList at src/parser/lval.js:145})
c4fb3fe742c61ee2dd0ab1b1197a254d3c9f6a55,INTERNAL_MOVE,{Function parseMethod at src/parser/expression.js:935},{Function parseMethod at src/parser/expression.js:934})
c4fb3fe742c61ee2dd0ab1b1197a254d3c9f6a55,INTERNAL_MOVE,{Function checkDeclaration at src/parser/statement.js:959},{Function checkDeclaration at src/parser/statement.js:959})
c4fb3fe742c61ee2dd0ab1b1197a254d3c9f6a55,INTERNAL_MOVE,{Function parseFunction at src/parser/statement.js:578},{Function parseFunction at src/parser/statement.js:578})
c4fb3fe742c61ee2dd0ab1b1197a254d3c9f6a55,INTERNAL_MOVE,{Function parseTemplateElement at src/parser/expression.js:688},{Function parseTemplateElement at src/parser/expression.js:687})
c4fb3fe742c61ee2dd0ab1b1197a254d3c9f6a55,INTERNAL_MOVE,{Function parseIdentifier at src/parser/expression.js:1057},{Function parseIdentifier at src/parser/expression.js:1056})
c4fb3fe742c61ee2dd0ab1b1197a254d3c9f6a55,INTERNAL_MOVE,{Function parseLabeledStatement at src/parser/statement.js:424},{Function parseLabeledStatement at src/parser/statement.js:424})
c4fb3fe742c61ee2dd0ab1b1197a254d3c9f6a55,INTERNAL_MOVE,{Function parseDecorators at src/parser/statement.js:149},{Function parseDecorators at src/parser/statement.js:153})
b6c3b5aa8319582f695e7944503612e39aa08261,EXTRACT_MOVE,{Function parseClassBody at src/parser/statement.js:633},{Function checkGetterSetterParamCount at src/parser/expression.js:814})
b6c3b5aa8319582f695e7944503612e39aa08261,EXTRACT,{Function parseBlockBody at src/parser/statement.js:469},{Function isValidDirective at src/parser/statement.js:467})
b6c3b5aa8319582f695e7944503612e39aa08261,EXTRACT,{Function parseObjPropValue at src/parser/expression.js:811},{Function parseObjectMethod at src/parser/expression.js:826})
b6c3b5aa8319582f695e7944503612e39aa08261,EXTRACT,{Function parseObjPropValue at src/parser/expression.js:811},{Function parseObjectProperty at src/parser/expression.js:847})
b6c3b5aa8319582f695e7944503612e39aa08261,EXTRACT,{Function parseFunctionBody at src/parser/expression.js:917},{Function isStrictBody at src/parser/expression.js:929})
336547864581ea8a547c1e89f4dd3d87e9d1e04f,RENAME,{Function curTokContext at acorn.js:706},{Function curContext at acorn.js:686})
336547864581ea8a547c1e89f4dd3d87e9d1e04f,EXTRACT,{Function parseExprAtom at acorn.js:2260},{Function parseLiteral at acorn.js:2375})
bc48c02a185c496505c999fc1f265acefb3913bc,INTERNAL_MOVE_RENAME,{Function onComment at acorn.js:157},{Function pushComment at acorn.js:238})
bc48c02a185c496505c999fc1f265acefb3913bc,INLINE,{Function skipChar at acorn.js:345},{Function readWord1 at acorn.js:1263})
bc48c02a185c496505c999fc1f265acefb3913bc,INTERNAL_MOVE,{Function onToken at acorn.js:151},{Function onToken at acorn.js:230})
71bb9d61230767be78e191acb2139ccf4538fa3d,INLINE,{Function parseAsync at acorn.js:2074},{Function parseExprAtom at acorn.js:2496})
29910d2b2d7f268a977bc1dbc10d9ea5fc5dcaa7,RENAME,{Function parseXJSAttribute at acorn.js:3296},{Function parseJSXAttribute at acorn.js:3296})
29910d2b2d7f268a977bc1dbc10d9ea5fc5dcaa7,RENAME,{Function getQualifiedXJSName at acorn.js:3178},{Function getQualifiedJSXName at acorn.js:3178})
29910d2b2d7f268a977bc1dbc10d9ea5fc5dcaa7,RENAME,{Function parseXJSNamespacedName at acorn.js:3210},{Function parseJSXNamespacedName at acorn.js:3210})
29910d2b2d7f268a977bc1dbc10d9ea5fc5dcaa7,RENAME,{Function parseXJSOpeningElementAt at acorn.js:3311},{Function parseJSXOpeningElementAt at acorn.js:3311})
29910d2b2d7f268a977bc1dbc10d9ea5fc5dcaa7,RENAME,{Function readXJSToken at acorn.js:1530},{Function readJSXToken at acorn.js:1530})
29910d2b2d7f268a977bc1dbc10d9ea5fc5dcaa7,RENAME,{Function parseXJSElementName at acorn.js:3223},{Function parseJSXElementName at acorn.js:3223})
29910d2b2d7f268a977bc1dbc10d9ea5fc5dcaa7,RENAME,{Function parseXJSEmptyExpression at acorn.js:3266},{Function parseJSXEmptyExpression at acorn.js:3266})
29910d2b2d7f268a977bc1dbc10d9ea5fc5dcaa7,RENAME,{Function parseXJSElementAt at acorn.js:3335},{Function parseJSXElementAt at acorn.js:3335})
29910d2b2d7f268a977bc1dbc10d9ea5fc5dcaa7,RENAME,{Function parseXJSIdentifier at acorn.js:3195},{Function parseJSXIdentifier at acorn.js:3195})
29910d2b2d7f268a977bc1dbc10d9ea5fc5dcaa7,RENAME,{Function readXJSEntity at acorn.js:1494},{Function readJSXEntity at acorn.js:1494})
802c4cd8cb41692582b76ae2dda4890449c6853f,EXTRACT,{Function braceIsBlock at acorn.js:633},{Function curTokContext at acorn.js:656})
8459481e6583861adab91836f0d4a9740a8c3ba2,INTERNAL_MOVE,{Function next at acorn.js:203},{Function next at acorn.js:634})
e14e6473ff26714cf8fc275733e5d4c1c3f91db2,RENAME,{Function parseAssignableListItem at acorn.js:2432},{Function parseAssignableListItemTypes at acorn.js:2434})
c297f5a57fbf5653fce4b6f9605563e27a0898ae,RENAME,{Function parseAssingableListItem at acorn.js:2432},{Function parseAssignableListItem at acorn.js:2432})
012f7dbddd2246c2db311c889740bfc3c4660e37,EXTRACT,{Function parseSpecifierList at acorn_loose.js:1079},{Function isContextual at acorn_loose.js:274})
012f7dbddd2246c2db311c889740bfc3c4660e37,EXTRACT,{Function parseExportSpecifiers at acorn.js:3733},{Function eatContextual at acorn.js:2252})
012f7dbddd2246c2db311c889740bfc3c4660e37,EXTRACT,{Function parseForStatement at acorn.js:2684},{Function isContextual at acorn.js:2246})
012f7dbddd2246c2db311c889740bfc3c4660e37,EXTRACT,{Function parseImportSpecifiers at acorn.js:3783},{Function eatContextual at acorn.js:2252})
012f7dbddd2246c2db311c889740bfc3c4660e37,EXTRACT,{Function parseSpecifierList at acorn_loose.js:1079},{Function eatContextual at acorn_loose.js:278})
012f7dbddd2246c2db311c889740bfc3c4660e37,EXTRACT,{Function parseStatement at acorn_loose.js:318},{Function isContextual at acorn_loose.js:274})
012f7dbddd2246c2db311c889740bfc3c4660e37,EXTRACT,{Function parseExport at acorn.js:3689},{Function eatContextual at acorn.js:2252})
3a59b5a15147d68916f7edc0529340cf35c8e836,INLINE,{Function eatAsync at acorn.js:2083},{Function parseClass at acorn.js:2936})
3a59b5a15147d68916f7edc0529340cf35c8e836,INLINE,{Function eatAsync at acorn.js:2083},{Function parseObj at acorn.js:2710})
fe0b67910435e3a16efa5aa7fcf544d4575198f3,EXTRACT,{Function parseImportSpecifiers at acorn.js:3873},{Function parseImportSpecifierDefault at acorn.js:3940})
d14f4461775e863d27875e4ce2e4ff7e9a6da356,RENAME,{Function parsePretzelMap at acorn.js:2626},{Function parseBindFunctionExpression at acorn.js:2626})
b4c5d1f2e952c2c10946cba978beb34d17be270d,EXTRACT,{Function parseXJSOpeningElement at acorn.js:2600},{Function expectChar at acorn.js:1254})
b4c5d1f2e952c2c10946cba978beb34d17be270d,EXTRACT,{Function parseXJSElement at acorn.js:2634},{Function nextChar at acorn.js:1261})
b4c5d1f2e952c2c10946cba978beb34d17be270d,EXTRACT,{Function parseXJSClosingElement at acorn.js:2581},{Function expectChar at acorn.js:1254})
6660a21b7992be2f23e6a2a19872619ac50dac3f,RENAME,{Function parseAssignableList at acorn.js:1577},{Function parseBindingList at acorn.js:1579})
6660a21b7992be2f23e6a2a19872619ac50dac3f,RENAME,{Function parseAssignableAtom at acorn.js:1557},{Function parseBindingAtom at acorn.js:1559})
5d96bbd781538b14d61bb1259a446317520fc0ba,INLINE,{Function checkSpreadAssign at acorn.js:1603},{Function toAssignableList at acorn.js:1516})
41ad304955d6770f2f226edfdb463b74699628c5,EXTRACT,{Function parseSpecifierList at acorn_loose.js:1078},{Function eatContextual at acorn_loose.js:278})
41ad304955d6770f2f226edfdb463b74699628c5,EXTRACT,{Function parseImportSpecifiers at acorn.js:2699},{Function eatContextual at acorn.js:1425})
41ad304955d6770f2f226edfdb463b74699628c5,EXTRACT,{Function parseStatement at acorn_loose.js:318},{Function isContextual at acorn_loose.js:274})
41ad304955d6770f2f226edfdb463b74699628c5,EXTRACT,{Function parseSpecifierList at acorn_loose.js:1078},{Function isContextual at acorn_loose.js:274})
41ad304955d6770f2f226edfdb463b74699628c5,EXTRACT,{Function parseForStatement at acorn.js:1807},{Function isContextual at acorn.js:1419})
41ad304955d6770f2f226edfdb463b74699628c5,EXTRACT,{Function parseExportSpecifiers at acorn.js:2648},{Function eatContextual at acorn.js:1425})
41ad304955d6770f2f226edfdb463b74699628c5,EXTRACT,{Function parseExport at acorn.js:2611},{Function eatContextual at acorn.js:1425})
e6f1e1027e9a9075b5572a9c495630b8a1d7870a,EXTRACT,{Function finishToken at acorn.js:650},{Function curTokContext at acorn.js:632})
e6f1e1027e9a9075b5572a9c495630b8a1d7870a,EXTRACT,{Function braceIsBlock at acorn.js:632},{Function curTokContext at acorn.js:632})
e6f1e1027e9a9075b5572a9c495630b8a1d7870a,EXTRACT,{Function readToken at acorn.js:937},{Function curTokContext at acorn.js:632})
917de714b145882aa65d21c121eeeae0e76b4c99,EXTRACT,{Function parseAssignableAtom at acorn.js:1524},{Function parseAssignableList at acorn.js:1551})
917de714b145882aa65d21c121eeeae0e76b4c99,EXTRACT_MOVE,{Function parseFunctionParams at acorn_loose.js:997},{Function toAssignableList at acorn.js:1505})
917de714b145882aa65d21c121eeeae0e76b4c99,EXTRACT,{Function parseFunctionParams at acorn_loose.js:997},{Function toAssignableList at acorn_loose.js:992})
917de714b145882aa65d21c121eeeae0e76b4c99,EXTRACT_MOVE,{Function toAssignable at acorn_loose.js:965},{Function toAssignableList at acorn.js:1505})
917de714b145882aa65d21c121eeeae0e76b4c99,EXTRACT,{Function parseArrowExpression at acorn.js:2471},{Function toAssignableList at acorn.js:1505})
917de714b145882aa65d21c121eeeae0e76b4c99,EXTRACT,{Function toAssignable at acorn.js:1453},{Function toAssignableList at acorn.js:1505})
917de714b145882aa65d21c121eeeae0e76b4c99,EXTRACT,{Function toAssignable at acorn_loose.js:965},{Function toAssignableList at acorn_loose.js:992})
caa5da6ce19794b5b93ec6881e2c3ced5675f829,EXTRACT,{Function parseAssignableAtom at acorn.js:1487},{Function parseSpread at acorn.js:1495})
caa5da6ce19794b5b93ec6881e2c3ced5675f829,EXTRACT,{Function parseExprAtom at acorn.js:2160},{Function parseParenAndDistinguishExpression at acorn.js:2249})
2cb3dbcb4191a9ec60e4c6ed0fc3d7ee13fd6b5d,EXTRACT,{Function parseTemplate at acorn.js:2152},{Function parseTemplateElement at acorn.js:2150})
e797be518f0c193b397d36da5da4babd4fb3369a,MOVE,{Function isPattern at lib/6to5/traverse/index.js:87},{Function isPattern at lib/6to5/types.js:17})
e797be518f0c193b397d36da5da4babd4fb3369a,MOVE,{Function getSpecifierName at lib/6to5/util.js:38},{Function getSpecifierName at lib/6to5/types.js:51})
e797be518f0c193b397d36da5da4babd4fb3369a,MOVE,{Function removeProperties at lib/6to5/util.js:75},{Function removeProperties at lib/6to5/traverse/index.js:75})
e797be518f0c193b397d36da5da4babd4fb3369a,MOVE,{Function ensureExpressionType at lib/6to5/util.js:42},{Function ensureExpressionType at lib/6to5/types.js:55})
e797be518f0c193b397d36da5da4babd4fb3369a,MOVE,{Function isFunction at lib/6to5/traverse/index.js:83},{Function isFunction at lib/6to5/types.js:13})
e797be518f0c193b397d36da5da4babd4fb3369a,MOVE,{Function ensureBlock at lib/6to5/util.js:14},{Function ensureBlock at lib/6to5/types.js:39})
e797be518f0c193b397d36da5da4babd4fb3369a,MOVE,{Function isReferenced at lib/6to5/util.js:201},{Function isReferenced at lib/6to5/types.js:21})