merge,left,right,arquivos_conflitos_analisados,arquivos_conflitos_nao_analisados,quantidade_total_de_conflitos_validos_js,quantidade_regioes_de_conflito_total,quantidade_regioes_de_conflito_total_valido_js,qt_relations_arq,qt_relations_region_conflict
481bcbb278d838254c569cf5142e103bf9d40642,64ca30c6321fc38ba5067af6a7c90258f89b70bd,65e4b1a553aad2a0474474c4f54f33063f20011e,[],['packages/vulcan-lib/lib/client/apollo-client/apolloClient.js'],0,4,0,0,0
fadec73c3cda9abd3d1978a97c1a9c8a19831d76,d6be73de0cc4ad026c1c2a8c007e53d0af90f711,3223ebda0be718ab11dab0263c43b89422769902,[],['packages/vulcan-accounts/imports/oauth_config.js'],0,1,0,0,0
d6be73de0cc4ad026c1c2a8c007e53d0af90f711,8c9c5509c8f94832627389f2932789876421025a,ead707dbbeb29f510d534b018916c65e74cbb87e,[],['packages/vulcan-ui-material/package.js'],0,1,0,0,0
a44ab4a5d684c022f39cff2f6674dfadec4c1770,50cf8c1e489e429dac8c6deb6149959cdbe70d96,c2477e79df8f6dcf56ca1a636e76c9097d517af6,[],['packages/vulcan-forms/lib/components/Form.jsx'],0,1,0,0,0
c7fad14e2affc99c1cd5a0ee1344128dc6b422be,b563fd334d68bdd78adc45965c74bc157ffa163b,74fc9dc52c4d4d3f698599b0db508c465d4c49da,[],['packages/vulcan-ui-material/lib/components/upload/UploadInner.jsx'],0,1,0,0,0
27d6f014d3c6c6c7ca756c91566c8452bc50c4a7,03c41d678b601a10363e7e416b2add5d52ca13aa,6cf5fa3355f164809777b48f45b58fcdc04932f6,[],['packages/vulcan-forms/lib/components/Form.jsx'],0,1,0,0,0
cc2da0980e4c54fef25584b04e3e40e4683aafba,86749eff6e99a48d6595959f99d635b2eea043d8,00678d9a375abb82b8ed0a767d2df3769c398186,[],['packages/vulcan-users/lib/modules/permissions.js'],0,1,0,0,0
e593ac468221840ba55479ad0a90e2b2231ac8b9,1c312add3f8f49b372a43e81042116570f39dca8,49a5b28211ac38e88e990b75117073b4de865738,[],['packages/vulcan-core/lib/modules/components/Datatable/DatatableFilter.jsx'],0,1,0,0,0
f8748b51ebf8f730b4d4ebb29a4c440abfd07622,9aaf47d2c1b4a2cb975c7e7839de4fc5801a2618,04ae40f51c1dea2f8346c453895cc57e64df98d7,[],['packages/vulcan-backoffice/package.js'],0,6,0,0,0
d2f3e4a1925cc513b3d73bb34969e2b7be6a78d8,e6466a05fc2b4dc8fb535f228d6c1c71c80c8017,0bc0a93f7bb54a374c77a3186bb6340d96837ef8,[],['packages/vulcan-lib/lib/server/default_resolvers.js'],0,1,0,0,0
c1cfa902b8fd8d652b3b48ec9eeccd89e5600da3,5dbade5088301b561767d1271037c3c02ae2a4eb,8f93ecbaf518ed99b2eec40d9ea59aecf4aa9fd4,[],['packages/vulcan-lib/lib/server/apollo-server/apollo_server.js'],0,28,0,0,0
8420bec261881e08e2f27e473178dff8ff0172ba,0c07b5c210ba058b831551531222545f883c780e,125b16dbf5e7ab17a21c5edd9cdb3d8e07b4a7a7,[],"['CHANGELOG.md', 'packages/vulcan-lib/lib/modules/callbacks.js']",0,6,0,0,0
3f70b853aaf920df1f7f157b108853782a40ff31,9b0c159048a72f69c1ca654c35cf51f8246709cd,2b46d12869382f0807d03218692c9d03de20b431,[],"['packages/vulcan-backoffice/lib/components/BackofficeLayout.jsx', 'packages/vulcan-ui-material/lib/components/backoffice/BackofficeNavbar.jsx', 'packages/vulcan-ui-material/lib/components/index.js']",0,5,0,0,0
7b97e2aee9f3a68db929fee486e74b3401c99174,03165b5a08111acfffb5db26ae56491899cf091c,4626555557d5b33bb331b239e8c1e60a7b41514a,[],['packages/vulcan-lib/lib/modules/simpleSchema_utils.js'],0,3,0,0,0
a7ea3641edff03825dcd26471e2ebaf79dc27c0b,e90a7ded6bbe1e89be4d33e54c24e3fb89a79d68,83d3c5fe12f5de5e5145fb8893303e695ba80040,[],['sample_settings.json'],0,1,0,0,0
255884aec8fc4e3b7a99c08df0404425578a0d42,ce6b785e007987b621af7a7ba63c0c8b3a144631,f545f8d5dd854df043e6ac45522c60dd56051ab4,[],['.meteor/versions'],0,1,0,0,0
10d707899a2c52844f9c6e27a11dec2317c66146,5fd57de91fba3709b32b6945d26025fcf69c603a,93db8e76d3c528a8bcbbdd54aab08a513d4a174e,[],"['MIGRATING.md', 'packages/vulcan-ui-material/lib/components/bonus/TooltipIconButton.jsx']",0,3,0,0,0
5fd57de91fba3709b32b6945d26025fcf69c603a,45981e5541043768fda85f0f0a5abdac367ff198,4ee8256b3edad9d685eb268d200f0910f34cbf64,[],"['MIGRATING.md', 'packages/vulcan-core/lib/modules/components/Card/Card.jsx', 'packages/vulcan-ui-material/lib/components/bonus/TooltipIconButton.jsx']",0,3,0,0,0
45981e5541043768fda85f0f0a5abdac367ff198,acd8da9b62fd0eea25f57d7767d0e11c2b41f8d5,d86f22cb3112e2eae59e641da8618dd36a316526,[],"['MIGRATING.md', 'packages/vulcan-forms/package.js']",0,2,0,0,0
6f97a8448a82898432f6eb16cc60b302fc8bd9ce,3673dbaf6ea76ef9b4e769fe3dad3dffa1583f86,22e29c4d198b0e7910d6f941a2db95d7d1c1d6a7,[],"['MIGRATING.md', 'packages/vulcan-core/lib/modules/components/Card/Card.jsx', 'packages/vulcan-users/lib/modules/permissions.js']",0,5,0,0,0
66a5c331153961001d20eb7de1cc287a78b29dd8,c96565561f9df57406de6c44e755834684a4c6fe,c78be8b99863d5148b965b2e86cac70f7becbc41,[],"['MIGRATING.md', 'packages/vulcan-ui-material/lib/components/bonus/TooltipIconButton.jsx']",0,2,0,0,0
39516b9072efe7dc841eb82781d7397e63952aee,0a5becc90bf98fe1a9312bdd6167cfd14befc918,c98f37b1c471a9704734131c2701174ef26996b7,[],[],0,0,0,0,0
ef50d4b64eaf2758ca1d3102e9c9ac958d162634,da4184184de227cd199d9e57121ae6a85f84ec72,a7a65f8e2b7c281baf89b3c6d74a1f8902be884c,[],[],0,0,0,0,0
1523ca508ab23379478d6ce43ba49152222d9f4f,1f47780f2877db66a19a95a2ceea15f8aa46f213,a99cd14b7b435596287188e816400f3f48d4b5b3,[],"['package-lock.json', 'packages/vulcan-core/lib/client/start.jsx']",0,3,0,0,0
2266e099442ff2d628cc096b791a19b2a70e1923,dfd0600c01bbffb17cf32dad774f673a0754ff6e,fbb40f400862cbb58259169583bb785bbce414a6,[],"['.meteor/versions', 'package-lock.json', 'package.json', 'packages/vulcan-forms/lib/components/FormWrapper.jsx', 'packages/vulcan-forms/lib/modules/schema_utils.js']",0,22,0,0,0
3eb5036c70b92d9e7f992a3f024f8fc1fab000c7,c04ee78c1534f9fea6ab61307a5d18cbebec86dd,dcaea17dd1b08c5ddcaf564c2adeffa22ae114d1,[],"['packages/vulcan-core/lib/modules/components/Datatable/DatatableCell.jsx', 'packages/vulcan-core/lib/modules/index.js']",0,2,0,0,0
a96ddc024a866782fe9169c846bc0e394274ccb1,dd8055b22ec19ea96fa03e854f345c61d60bdb5b,cd517503a22e78bda6c0b83365a21f6053825c36,[],"['.meteor/versions', 'package-lock.json', 'packages/vulcan-core/lib/modules/components/Card.jsx']",0,5,0,0,0
5e6e0800ab26f4fbd4f47978f91c51025e28487b,b3f99827b6ebaa7f252cef88b44e2ad38614519b,f58f66be7d3513db037f6645478b570fac626257,[],['packages/vulcan-ui-material/lib/components/core/Datatable.jsx'],0,2,0,0,0
ebcdaf19041f16b7cfb5f405ae9ad8b5187c75a8,a07cb4984e72239eb28f6c506f33d22b959d25cd,3a430e5cf2a8c5054ce02067f83672c69a07abea,[],['packages/vulcan-ui-material/lib/components/index.js'],0,1,0,0,0
1362cd162fa670408a95c0c2e27d31641c097acb,1db8008876a486b76afe6063a736b0c7a6477739,20f61dd29d71b3ce3d3b631e0261e9cca165c85d,[],['packages/vulcan-ui-material/lib/components/core/Datatable.jsx'],0,2,0,0,0
c71240bc0255108fb803033f785dc7b0a9f6761c,5b0235b61852bd96058f9c8da1d9ba6a11adfef5,f21bba82d87695b1587735b18effa27c0f8fbd6b,[],[],0,0,0,0,0
90f14e43c0b8bcb09533e6ccf7328d0bf7060822,ec84a84dcda3d42c961a0780d2b51068633f6245,79aa6abbfbffad0742d642686c03cb9fd11b3c9e,[],['packages/vulcan-lib/test/server/mutators.test.js'],0,5,0,0,0
e5deabfd23ba3a564db5aa71c25abbf797703b42,4243974e25f5f966137d092691b60b013023bf6c,cdd1c0277a994f9abed457120749672a89528d3b,[],['packages/vulcan-core/lib/modules/components/datatable/Datatable.jsx'],0,1,0,0,0
e80f98a5f906dd55e79989c958c4845486312827,2cd5e48f2a62018122185a1fcab98dd0ea0bb954,3f0547cc1a14d55c4a958f9dabe3be88d3250ef0,[],[],0,0,0,0,0
f8a55292489d8bcb8e0622ef8ed4f896788a0bec,57229bc1e2c1b2d33606fd427d1015100312667b,e00c6cd4d7af0f4510f3fa6b1972072687220877,[],['packages/vulcan-core/lib/modules/components/App.jsx'],0,2,0,0,0
ad609f1ad4a67df219dfbdf038effb5655db19b9,39b7597b167038f76160c9b7cec3aa77cd5b8584,421b6e5184dea1ef082c7c52525e3b69b910110f,[],['packages/vulcan-lib/lib/modules/graphql/schemaFields.js'],0,6,0,0,0
d0fd4ac6ca50432015521ba1ddd119d15fb266ce,6873e941f6e808c0d787490847cdcc49edb0ed99,9d4fd022f14ae3a9e50d2363582b36f91fa1933e,[],['packages/vulcan-lib/package.js'],0,3,0,0,0
8d913207db9a3df6d0fee2ef384ab3f0d970ac07,3e9335aed9b91dc810894442fb46efcbb6adcd72,ad7c547a587ee53e05bc971c09de21bd553a7f90,[],"['.meteor/versions', 'package-lock.json']",0,10,0,0,0
58f341670f8e21c064e2ec6628916b56f6b3ad0c,dc08603c87f8c45bcdfecb83dc9ae2acfb67b90a,f4c43a81133b07409b0cb334685fdba463ae8f4c,[],['packages/vulcan-ui-material/package.js'],0,2,0,0,0
3efdd83fb9e4ba4534592e5a6f5d2495975705a0,5be997167b4b5821c65da2fda67bb14fa491d8b8,933fac0645d3602ed33a7ea62621b0afebe3be11,[],['.meteor/versions'],0,1,0,0,0
a4c1452302114ce5ce4e40ee527609076ad0c716,05c3f078ebcb5514bb375b11828cc49bd728d45a,e1707a0f6e82777bdec5854aa5052d4b8ac00c35,[],['packages/vulcan-forms/lib/components/FormGroup.jsx'],0,4,0,0,0
4d9492457a2df341f4395eb6ef9ae001cd4cf80d,beb9893f05c5d93bf5e9b9924f5910585f285696,79316023deaf48ef6cecaf7663cee633182ed80e,[],['packages/vulcan-lib/lib/modules/intl.js'],0,1,0,0,0
76174de20e864a8f19cdf121470f1edc58cecda0,5fc6364a1b8bac29fe10c6acc3d69138125d9028,8097cb41a23d8cb17f2b631e1356d4328b70e847,[],['packages/vulcan-ui-material/lib/components/forms/FormNestedArrayLayout.jsx'],0,1,0,0,0
5f7fffbd9a6d13813ee14c7dc738c5905b3325d5,f5bdc8f8253ef1c9618a3c671efa05887693f2b2,0f29cc7cdd7921dac3fb55fd93d56f81039558e1,[],['packages/vulcan-backoffice/package.js'],0,1,0,0,0
699c583fed1cf133dff6b8d5cc3d429d531492f6,9a0a6b48cdc1d4870db8d9e803c25d9463f02203,4300dae2edf171d39c2c1e1d4b253d70fc986f02,[],['package-lock.json'],0,3,0,0,0
f6f8ae3a41c010510e9b08d2fee9b9b1adbe437b,8d62887f84fb6b5f3ccbeb2fbb41712e467310a2,815a65d853ae9ef0e4c9f8848723db4163ca44d1,[],"['packages/vulcan-core/lib/modules/components/Card.jsx', 'packages/vulcan-forms/test/components.test.js']",0,8,0,0,0
11a9ebef8554e442f8d60943328c96e9507fab3c,0d5a81348cb87a57788c08e46351d63ba398ef80,d827e5892650d17f35cf869e58f0398066fce093,[],['packages/vulcan-i18n/package.js'],0,2,0,0,0
a92fdc7520248416bb0ed0b3f2e0a5b5689dde7a,c8b6b6efbff653a888eebb58c6c49aa0559e4b0c,d7afee47939fb26d6fa0678c2ec4d0272fa346e8,[],"['package.json', 'packages/vulcan-accounts/package.js']",0,55,0,0,0
6d169c1efd7e7309cf8b308ec3a2cf3676a0fe75,6626aa543a30f324c1bcb2770c5f6411cd7a29f6,ab6df4f44880eb31530e37aa153eca169342a35b,[],"['package.json', 'packages/vulcan-embed/lib/components/EmbedURL.jsx']",0,2,0,0,0
6626aa543a30f324c1bcb2770c5f6411cd7a29f6,fd33c7675b1114408a36c7e9bc48fa521ae7d9b2,f56293b0f6360f41412ffb497c4a9a84f6709db4,[],['packages/vulcan-lib/package.js'],0,1,0,0,0
6d1e8da40b5b5f9332a216b3153ba459312483c7,19ea8159b340417b335270cdee0e29b0e3cb8d71,7008e4e6b188e5de3cb0d601693427a99b67a5b7,[],['packages/vulcan-core/lib/modules/index.js'],0,3,0,0,0
19ea8159b340417b335270cdee0e29b0e3cb8d71,01cbfe32b7c41d789749ebc8f2a3334f739323d8,a42a3b492a0f5647cb4a499c46d834f65685e816,[],"['packages/vulcan-core/lib/modules/components/App.jsx', 'packages/vulcan-core/lib/modules/components/Card.jsx', 'packages/vulcan-core/lib/modules/default_mutations.js']",0,11,0,0,0
53783315996d2b628f3286955b03b06887bd5ec5,12df83e23f50c3d8f8abee53d311bfcdea0246bc,b2e3aaaeb54a266a060c539f45fbf0f9fd208e96,[],['packages/vulcan-lib/lib/server/mutators.js'],0,1,0,0,0
022a72e41b05aa5024c855ec3414ccb4374b5630,b1c06f2a3391134b1f89725c6dce5be88a3e4004,553a0627d47e2cf19b6722e195c4461b4ae68634,[],"['.meteor/packages', '.meteor/release', '.meteor/versions', 'package-lock.json', 'package.json', 'packages/vulcan-core/lib/modules/callbacks.js']",0,48,0,0,0
5818df05a1e907586672af01359f29aade529feb,93566aba1c7f29e3ba8aa1788338d98f3c4bd86f,c55aa2798301df81e9a07afb57982a4ed75a5d98,[],['packages/vulcan-forms/package.js'],0,2,0,0,0
93566aba1c7f29e3ba8aa1788338d98f3c4bd86f,80c511e348b82bc5fb864a65662fde65bb9e0512,1cbb2976f03b3b7ac04cf2eb5fb95f413ea44fec,[],['packages/vulcan-forms/lib/components/Form.jsx'],0,1,0,0,0
e981503a4b07a5f0f3e384ea487192f65b4707a3,10603d000f60faf324531f01dae2e88f78d4629f,1b4f5d51d89b438f62a85ff320137d8be428e1c9,[],['packages/vulcan-core/test/index.js'],0,1,0,0,0
e8a62d93ef2c9048ecc3c7dec61a14d348fe4356,cbc387e7d1a1c613e07fe065fa840b185be54b2e,fd26020074fa686f607f2dedd7c89ea84d721ff1,[],['package.json'],0,2,0,0,0
6864b572bea8f53aab312782ea145850c6842b09,07427a2c96a7abaf44ca09a1f490e26eb6c9f0d1,5b09d98918a83c1e2bbed76969b1704f2b2687b4,[],['packages/vulcan-forms/lib/components/FormNestedArray.jsx'],0,1,0,0,0
2d4889abcc66ea8c3c4b2245819ed2a2540f32cd,a18c4ebb6a86f1748e75f3ba1908395b080831f4,4167a8a10b4aaa6aaf4d919e16669be13aa262ca,[],['packages/vulcan-core/lib/modules/default_resolvers.js'],0,1,0,0,0
059d2651b90a13955c9cd1b7e7167ac281fa78c0,eb9a86ee47e6043a6c66f237bfb96ed1f389c20b,a9d81cb747c151b9aec12356b6a161f26246dd05,[],"['packages/vulcan-forms/lib/components/Form.jsx', 'packages/vulcan-forms/lib/components/FormComponent.jsx']",0,3,0,0,0
da98a6bd5356dbf2eb6818cf2594c26f92af90e6,7a1010359016d852d4774baee0a690e659e19057,1433ca96294c4c03d060df0708971e8100945f08,[],['packages/vulcan-lib/lib/modules/validation.js'],0,2,0,0,0
939f2d7ca5202a9716d461e2f97a1915fb5a8d72,d3f24f43cd80f4edb0f69f719f407c34b5fec61f,4f80444743d1c0729e92625a0d86c41686a02de1,[],['packages/vulcan-forms/lib/modules/utils.js'],0,1,0,0,0
2b61d31ccb8214e3e85e9f10e34ff297cf80adb2,ecc97f157e49d821adb9cfc5b55ae926d4273fd5,e783d51dca45dede899069ba46dbc1d95b61b5d5,[],['packages/vulcan-users/lib/server/on_create_user.js'],0,1,0,0,0
d4193fd7e560bfc3ac80f7d32f27760555a1ab53,9008b34f850a10c68a2f02c9ebe3bb03a50c66f8,c0650893fa65e0eaac6c6dd3fc26d3f7a78f10c1,[],['packages/vulcan-lib/lib/modules/collections.js'],0,1,0,0,0
1951000118b48f43ded27cea11fe426501b3d23c,a18882dd0b19b8d71f50b7e02c46dd9e58c55c4b,640a52d3c27dd75c13dfa621befb3c1568557470,[],['README.md'],0,1,0,0,0
4bbf5fc8c456e32cab2f996b88c6d900bfd620d5,87e3721f34d02adaf869e7801844167f10be8ca0,55d34bd3284d0c4c9c5b638a9be7b57264cea501,[],['packages/vulcan-lib/lib/modules/utils.js'],0,1,0,0,0
ab674a1163b7459fbfac8ad0a6c725261d7a41b1,422b413f9872f7858106b970b01d57d6ba3dd1bd,42dbb4fb572a37fa26c6e44844039e932555e3e1,[],"['packages/vulcan-forms/lib/components/Form.jsx', 'packages/vulcan-forms/lib/components/FormComponent.jsx']",0,4,0,0,0
9638e4a759ce0d3cd4a0500110b946107614b4fc,f320b3363bfad6e90ebf4e6c0deb602151a55dcc,2fe3b2cd28b4c4f3dc555671a084a521b0b77d41,[],['packages/vulcan-forms/lib/components/FormComponent.jsx'],0,1,0,0,0
2fe3b2cd28b4c4f3dc555671a084a521b0b77d41,150d9392e72f409190f5df2a6c2c731cca7bd661,9ab1c0f8089a9b88ce20861b4e95ee55b038d5c6,[],['packages/vulcan-forms/lib/components/FormComponent.jsx'],0,1,0,0,0
d60b16ea0d8ee3473ed2b85d379d4aba5864719c,47f21e474091aac4c39755f013df7a9ee6ea9188,c3f33cb7e0d623c89526b980904d35beaea0b7ad,[],['packages/vulcan-forms/lib/components/FormComponent.jsx'],0,1,0,0,0
6a30f44adf21f436fb58f0091f647809942f77d5,603fafae37fcb37f98f46e67cb37579aa1b99241,d80e76e616d7a7dbd14b61b0e684f79004be95a5,[],['packages/vulcan-forms/lib/components/FormComponent.jsx'],0,1,0,0,0
4c6164530c03b975ada36441199d6522543490eb,7e4cce29cb77d614409684368fe75281c0420257,9921b91912d8fa9f370bfff6966e01cb603f335c,[],['packages/vulcan-payments/lib/server/integrations/stripe.js'],0,1,0,0,0
dd3384d195d13a9605ff734115c41cf1daa1f7ab,47e5db006892debefdb4ab7fb416fe7a17e0ffa0,7d17b57f0591a820fbf41bf4d36a67562181c104,[],['packages/vulcan-core/lib/modules/components/Datatable.jsx'],0,1,0,0,0
db6588eb003a32be92f2b5bfadca0982aad5bab7,a3b385944e1481d1123bd5c1c16a4c76d0204ea1,85e8614aa28da3127c702e96bf31747c74f9c350,[],['packages/example-simple/package.js'],0,1,0,0,0
13a2453009a269e3ed654f28bd9ce427fb7e13f2,00063e13d8f258acb990c60196af25baed659a7e,75b6ece0a43fd9840edf90a33157a64d63534dbb,[],"['packages/vulcan-forms/lib/components/Form.jsx', 'packages/vulcan-lib/lib/modules/utils.js']",0,2,0,0,0
1260b59e75064a95e6acbfa40263e57faf09972e,67a763260bf54cb311a102b70d50e7c6d6299aae,e8e15d17400389f5fa422eccf35999d1e7f0e241,[],['packages/example-forum/lib/modules/posts/schema.js'],0,1,0,0,0
8aa39c6a0a2ae734ae1266b1b1291f71e04b7627,7ec4f4ddd00c6e2f475d8ec5d21d669f5c33038e,3b0e7c407621f407c8038ab5f2c48784ccb69d62,[],['package.json'],0,1,0,0,0
0760846ec3eab6898de23b6bfb8bd85a80202b08,bbd2dbd0063d15a8ec174fa452f3091c85049635,45fb2f2f291f5515f879b30eaa964c41cc80272c,[],['package.json'],0,1,0,0,0
867495b8ec168f06b75e1044e32b0a2cc989dfa5,06b681d36049e1397e3d698cad8b1ac78fd64ec7,fc3a5d58b1c442f2af3c181c631ff353e36366dd,[],['package.json'],0,1,0,0,0
5434356866194baaa1002313f8d002febd03511b,fdc91520a9b85becb316432483df46d477e029e0,ec5d64cd6e77c5456b415138e5854cc9aba49534,[],"['.github/CONTRIBUTING.md', 'packages/vulcan-lib/lib/server/mutations.js']",0,2,0,0,0
4b8617cc8c54217c660c0443c2e765ac05933b33,9d509e5ad75507cef677aba96b6277e8af50589a,bc395cc238fdb362debea7d760289848b6c5cfad,[],['package.json'],0,1,0,0,0
12925718a598d13419e96d77057f09df912df65a,9a9b42bf86807938fa04f5376ca020310ec94b52,2c6526f81f78db913f2182323e42cfa45ef3f061,[],['.meteor/packages'],0,1,0,0,0
9a8c7b74118b243ef61776dff2271363bcf8e01b,4f0affc15e2a8f09c518cafb8d60250627500c62,44d2f5af8759a246745480b38d1e3d113528901f,[],['packages/vulcan-newsletter/lib/server/integrations/mailchimp.js'],0,1,0,0,0
46eed13a34d9fec6f4631885d6b06605422f1f8e,f70b265ccb2c57ee170fcd005c5af16096e5fcec,9c3538db83d31e468dbb621fb7de1e919d206e00,[],['packages/vulcan-base-components/lib/users/UsersProfileCheck.jsx'],0,1,0,0,0
d848b4c29c4d26c5a791826765bcc90f81595a1c,a6fd1dd345fdde185b5f6daede01634f92b38c18,3770ca7e344738188cad3cf838f86b4df714246c,[],['packages/vulcan-base-components/lib/posts/PostsNewForm.jsx'],0,1,0,0,0
7be240e6acf0df6fa4ee868635dceacdcf39f7f4,2e7b461e24ebf6da4fadb7910d72507a281a7c53,4b1186e792e5ffaeed194215d42208a479924f70,[],"['packages/vulcan-base-components/lib/posts/PostsNewButton.jsx', 'packages/vulcan-base-components/lib/posts/PostsNewForm.jsx', 'packages/vulcan-base-components/lib/users/UsersMenu.jsx']",0,3,0,0,0
2e7b461e24ebf6da4fadb7910d72507a281a7c53,14f5ba897175174f3d4d9e3f8734b967f213f8d8,a23aa031dc7f304f00a592c20d6f07e2f685d8f0,[],"['packages/example-instagram/lib/components/pics/PicsList.jsx', 'packages/vulcan-core/lib/modules/components/App.jsx', 'packages/vulcan-forms/lib/FormComponent.jsx']",0,3,0,0,0
a7f86fd13700d0ba8ad8e3c637de145afd87fa17,97e138ac842c6fb9c1f680fd833444c7644f2039,5f3421ccdd0c90d4291ee68696b02c23d708f279,[],['packages/vulcan-base-components/lib/posts/PostsCommentsThread.jsx'],0,1,0,0,0
7ad8fc6ffc6eecb955bd050d37b8790dabbe5614,0020ae0b89cd2929edbc43f84d750654ad11cec0,3c41de5617043c14c6658e18c9b39171307e55b6,[],['prestart_nova.sh'],0,1,0,0,0
f82e458302d36930c71f7fd008f01525129f51be,3120d85df9412bab60f463f93ce1b105018a2522,1e416fd9d2dcd3e3b7dc89852ea49000c802bce0,[],['packages/nova-base-components/package.js'],0,2,0,0,0
3cde24d4fb37b9a1651182cec1497ab587c4b847,cf1ee0627355f6b0a9daf688717e2478894b6e75,4baa9399256532bd4616037f490bad34e47913e3,[],"['packages/nova-base-components/lib/posts/PostsList.jsx', 'yarn.lock']",0,2,0,0,0
9193de08e315153a3ab091f9b9107827e1268ad4,3c57ba0a0abea93392ae5938d8931d4415789f59,7c6e07ab6d8a33bd334533fef3968b4de6c2dc11,[],"['README.md', 'packages/nova-voting/lib/callbacks.js']",0,8,0,0,0
3357bc7726f874cae73b0df52a1c78492551d5a2,b1d0cd8e692376308da864977a58d1daae0e19b4,a45aeb383421035afab278c59db5877dff904aec,[],['packages/nova-base-components/lib/users/UsersEditForm.jsx'],0,1,0,0,0
8f5891eb30d553f315a1df9c955f112a81a78ccc,2d627a9609bd9c13ddf600e6a805de4766f3468c,36664013649685e1707cbf1554f68e2a578ac3f5,[],['packages/nova-categories/lib/resolvers.js'],0,8,0,0,0
2638023f4eafe8329674802218764647b04f5e2e,ede37fb9ce4ff7be3b866ae8a523822420f0fa22,7308441ff25cb66863cf799d3f38fe4f22b36aac,[],"['.meteor/packages', '.meteor/versions', 'packages/_react-router-ssr/README.md', 'packages/_react-router-ssr/lib/client.jsx', 'packages/_react-router-ssr/lib/server.jsx', 'packages/_react-router-ssr/package.js']",0,106,0,0,0
600ab15c4d9f6336ab496b2faedea3fdeb0ecf6e,5df3377418c9483ceedd4dda494a56c0de341ec3,c8615d34398aa768f367ede6ac2b90a0ba81124b,[],"['.meteor/release', '.meteor/versions', 'package.json', 'packages/nova-base-components/lib/components.js']",0,16,0,0,0
df58d8a9dd4429d3f7f437c1c6c5145ed7ce3d1b,b4ddddf5a7b044646f0728a9b7694083def9654e,884c6a00b92b7b3b4d128f5a697bcd62d5c2ef13,[],['packages/nova-base-containers/lib/client.js'],0,2,0,0,0
80bf6ddb121fe4f7307367ab23988c0ed20e6af7,76d71f13dd301b6ec2805f03f55fbcd67cef3fd7,b2620befbdf6560bef3c601552b6fe4198202e4d,[],['packages/nova-users/lib/schema.js'],0,1,0,0,0
a27dfdab1c24c3cff31f6445bd46641aa53e8590,ab99894207b6ee1740a432c4420298c87bd6137c,1ae6beeb722da5280488ca0214ca90c3839206ee,[],['.meteor/versions'],0,1,0,0,0
1ae6beeb722da5280488ca0214ca90c3839206ee,33cb0c1708f660457d598d369b02dcbfe60436c1,4938d96b24f32a0bae6af91bbbf009e38577a221,[],['.meteor/versions'],0,2,0,0,0
88cbbc699b4ba1feb223015553033d9fbb50b246,922e417de9b44394200651641aefa82c2b1b0c9a,26f5e73119e2b09dcfd1bf35cbba64cde5042fed,[],"['.meteor/versions', 'package.json', 'packages/nova-lib/package.js']",0,3,0,0,0
67d4ff5fc8dbf211be1c641abb257c8f767b9f8c,e0d9775c873cbf5cd3ed0e88024d23d105e933e5,abe650c24b701dabde2cb1ad75e71ee1b4542317,[],['packages/nova-forms/lib/NovaForm.jsx'],0,1,0,0,0
d64c0f689f2dc64e31a9a46aed3714c927fa1143,d19446b99430f2c4842bb9993212f91cb3294bbd,3f56f4668d8eca33a5d02d7f39bd1a57553a6b9e,[],['README.md'],0,1,0,0,0
1024e5431fc34d8e85d452fc87114a55948868fb,7054d8a8a4c79676110a3f1383a6b3226ac99c52,286da3d9ded264103595ad53bbc8f794943fea0a,[],['README.md'],0,1,0,0,0
cf0320b72b54573f2579556a85dd1549bbd6db1a,471f74adf764fc27d31ff46eede87d2589ce78a0,f5021a0a1e09dbee135de5a1a69bfa0ee0efdb4d,[],['packages/nova-base-components/lib/config.js'],0,1,0,0,0
35f224cdd23d46d735e05d060a26e919de5070dd,a059d244c500aaee60efb28f3b051424c4795cff,1469d55c33b85dad0f8a8a537605b15b43142ebf,[],['README.md'],0,3,0,0,0
77140ac09f03dc51c2591c9b30f47b165d8a14d9,5bf264f0b498cb9c9ef4c0fa4fa8de60fe02b917,d91c829053519a63510985471b37aac919380b5e,[],"['.meteor/versions', 'packages/nova-base-components/lib/users/AccountsMenu.jsx', 'packages/nova-base-components/package.js']",0,4,0,0,0
03bcd084a94a6f87fbddf36aa67813f27d0d88a1,8f148bbf1ad6f285f7e8e5ba713ddb111185ff6c,3967e5ca736218fc858e0d515e2a08c36bb4f32b,[],"['packages/nova-base-components/lib/users/UserEdit.jsx', 'packages/nova-forms/lib/export.js']",0,4,0,0,0
f1015b9b32db06e5fe4c65baca021f2cb2e764de,8d5c5ece0e6b1d78f9884090dc5a947ae8ff5046,c3eb63b7f4ce00d61311f690db7eac1c92b795d8,[],"['.meteor/versions', 'package.json', 'packages/base-components/lib/common/Header.jsx', 'packages/base-components/lib/common/Layout.jsx', 'packages/base-components/lib/posts/PostPage.jsx']",0,8,0,0,0
c3eb63b7f4ce00d61311f690db7eac1c92b795d8,fa1aa1167fb8049883dec8324eb34c70d495a014,16d71bbb9df2f086fe501756c5fad8576cef559b,[],"['packages/base-components/lib/common/Header.jsx', 'packages/base-components/lib/posts/Post.jsx']",0,2,0,0,0
b78608afdf6baad03d709231aa346324cf311a51,a9f49f147ac764fd3bc65efc7828d28fb1b1b8e5,fa78a827a3015f29186c9163d4ac74f6c2f7ea45,[],"['packages/base-components/lib/common/Layout.jsx', 'packages/base-components/lib/components.js']",0,2,0,0,0
c7942fa34e0200fd50d6d00ee544b7bb1d034bf4,9ee6b731cb16a95cc866d3a6b26a996bd3fc0abc,0e84f461a5a55778ea6d3f3313b9eb5a30f16bf3,[],"['packages/telescope-settings/i18n/en.i18n.json', 'packages/telescope-users/i18n/en.i18n.json']",0,2,0,0,0
4974f7c0a588e498194c2a7071fe143e6f04d9e7,5197c715f21f35d693bc48c7c652c0848f8f2455,9b8d25d64f055bcf24c20f4c83a2afc6af2caaaf,[],"['packages/telescope-embedly/i18n/it.i18n.json', 'packages/telescope-getting-started/i18n/it.i18n.json', 'packages/telescope-kadira/i18n/it.i18n.json', 'packages/telescope-pages/i18n/it.i18n.json', 'packages/telescope-post-by-feed/i18n/it.i18n.json', 'packages/telescope-post-by-feed/i18n/ko.i18n.json', 'packages/telescope-releases/i18n/it.i18n.json', 'packages/telescope-subscribe-to-posts/i18n/ko.i18n.json']",0,8,0,0,0
5299db48669feeb7920140aa450d96be5c832227,250f6e84ac93927c62ee86f32dea28967182cb7d,3dfc765bb625577ef78e01e142d5dd907df95608,[],"['Dockerfile', 'packages/telescope-comments/lib/client/templates/comment_item.html', 'packages/telescope-comments/lib/client/templates/comment_item.js']",0,3,0,0,0
1c4eae0513116429f886dbaa6fa03d15f3b05b2a,d1055bd8ce5ced7cdf680b406392ee2a892dfa78,0d20d60e9c1ae64345a92b829a13d6512d133d59,[],['.meteor/versions'],0,1,0,0,0
cd1184eb43d12c5faac3a0ce6d3b2cfddc1a89ee,cbce5d5be3e1f89a7dd9f223858be29e3e6eda09,fa7e05792421768a139f505e1cb401cc83acbeaa,[],['packages/telescope-migrations/lib/server/migrations.js'],0,1,0,0,0
44402fb7534dbc2a6088ad370006fe4d532241e3,ce640ef2ee073972555634c1933fa1820c3fa213,ecf0ede52c2e78d89ad415d7370a9e4deaea65a2,[],[],0,0,0,0,0
7b46b5ffb774f85de85b4a41cb0daa94fc4980d9,40fe20aac1c4ac4a54baee014089dd7fff80ef99,2be716d79fe1c9cede39bcac9a1adf44e8e8860a,[],['packages/telescope-posts/lib/routes.js'],0,1,0,0,0
9b8b23f932d49fefcb1d5754580cb612ccf323f2,2e10b2f9738b46a68fbf254aa7c5b5e5dc251f77,16d9eaf0f9d16859795742981c84ff55cc87b19c,"['client/views/comments/comment_edit.js', 'client/views/comments/comment_form.js']",[],2,2,2,0,0
ffdbaed70d54ac70d3486dd72fc5f83e36572593,3563a415794d0c5c21e9c4af6f00fb4259ec28df,057580b7937c2cef3ce632fe3550fafca9ae2cc4,"['client/components/postList/posts_list.js', 'client/main.js', 'lib/router/filters.js', 'lib/router/posts.js', 'lib/router/users.js']","['.meteor/packages', '.meteor/versions', 'packages/telescope-base/package.js']",5,14,7,3,2
48bfb14b11d69eea84c864e304f6620792ab8998,57fa01c6bb684ce59dfa26cf5781436415214fd5,d84cf79c12ad1a9ea193bcdf98ea1335a6d10e1b,[],['.meteor/versions'],0,1,0,0,0
3339af6cc9762c52d7009c4272faaff0cdad602a,418b12b11309977821188b3a4a31295087c58a3e,3f0954843f2ec76f217b61de1fded4cf518b2b3c,[],['packages/telescope-search/lib/client/routes.js'],0,1,0,0,0
1cd36e0bea36471c145ff13469850a808d0b926f,083dd1d85042710707ace7c6dd3fec8213cdf6e0,56caa499b7174e957856daf6a1162c5d7443a163,[],['.meteor/versions'],0,2,0,0,0
ba0e7cec52e637439a135381dc05d70b8d22dfff,50c81aa169495317cc96b15d265fa62308bb9d9c,dbdb529e75e5dab31cf2d2610babfd18b6e543fc,[],"['.meteor/packages', '.meteor/versions', 'packages/telescope-seo/lib/routes.js']",0,11,0,0,0
a51c71c3927e75313e5c3b091ab57d1312ba11f1,d50ca78e0bf52784d347dee7428e1077131cda13,735f3cd17dac3c2f1f4951d3c6128b1e0599ef31,['client/views/nav/mobile_nav.js'],[],1,1,1,0,0
f46efc125588cd4b62f0ab0672a4c9b210d8163d,2737bd9e95f3e3d65fa274407d679bd48ee76d16,937b37f3199678df43fa68c32a1ae4b1f2d378de,['lib/config/at_config.js'],"['.meteor/packages', '.meteor/release', '.meteor/versions']",1,9,1,0,0
437466dd36a71f167e059d5c62f0283e83b717c8,340c9c61ce5b710b031791e899af9a4ac85e4c4b,84249414d47ade2838a4eb5dbf937a7a164351ac,[],['History.md'],0,1,0,0,0
c7fbb490f3278567757b61c59fb3da74f76e1806,c6a3cefadc1854e440189046f8b4bd428e6db1e9,3d283ac354c06be1f6911a3f99606ada897c96b8,[],['.meteor/versions'],0,1,0,0,0
0b3cfeabed417c54f73e427d9861dbf44b51f108,8e5b8f3f58d2e73da5d5deb232b8433129c499ec,f6583aad5e21d8541b70da7cadf59d9aabf1c536,[],['packages/telescope-notifications/lib/notifications.js'],0,1,0,0,0
18c63f9886533709542faecc523c1bf45a79b60f,7138eb0ca6f483707d0bfc255ab39e524e46a154,89dfad7b2c4b94a680cc1553743fa9283c907341,['server/publications/posts_list.js'],[],1,1,1,0,0
87548b4903fff53193075d3afcd885c7e0db3e5d,20ec10809b481d52779eb8ecf58ed39b82213fd4,bf8ced820900b42b286b1fd0c00c04e437cbba91,[],['.meteor/versions'],0,1,0,0,0
b7ba4b3bc03c7b6cd514110ac66f37498fb64726,1aa86994f7f3f4b6db3ff280d02e644274162774,f40be395a3d9796d3b2fea5524e163778e1b4230,[],['.meteor/packages'],0,1,0,0,0
6c27681846b8fc8297cc318c3001560f842a714d,61063ca3e13c6b77e51c9d26e60d69198095edf4,f336d94256e6495d1961242d36afa545098246cc,[],['packages/telescope-theme-hubble/lib/client/scss/modules/_comments.scss'],0,2,0,0,0
4f9c8295d667deef03aba6e049d10822474caa1d,2e534c4e22a3dab9dcf42902f05bd741b19e74ed,ea1407bd52cc558ca90ee25e72ded5c47c9598c4,['lib/router/users.js'],[],1,2,2,0,0
ff8bf40694c48acfd187a07c3a21346266b02e62,52ef153a2dce5dffb9e6614c57628bbc4536ed3e,2cf432b5217b0b14a7526605a22cb9619666f241,"['client/helpers/handlebars.js', 'client/views/comments/comment_edit.js', 'client/views/comments/comment_form.js', 'client/views/comments/comment_item.js', 'client/views/posts/modules/post_upvote.js', 'client/views/posts/post_edit.js', 'client/views/posts/post_submit.js', 'client/views/users/user_edit.js', 'client/views/users/user_email.js']",['packages/telescope-tags/lib/client/views/category_item.js'],9,20,19,0,0
3e415dce78c99f9e21c491c63df81bb91ed083cc,f06b43b60386e8a247d53acc4bbd0103e10b8b6a,50dd3ccecef69579d595f5e4d85eeca69d16092d,[],['client/views/posts/modules/post_info.html'],0,1,0,0,0
93fbe47f7980decb9e47327342cdab3146db2dce,111baee125670dd6f0a3f3c58b2811f13f97bce5,e61f5bcd47b82729280dd3bb7c861f8e7dbb9498,[],['packages/telescope-rss/lib/server/routes.js'],0,1,0,0,0
2e534c4e22a3dab9dcf42902f05bd741b19e74ed,7f016e925602484a374e191799b13379582cc814,75278fbae27faded051a75829664c494c83f4cd4,['lib/router/posts.js'],[],1,1,1,0,0
019ae375fd1d71116a79e580a449fc047ba60578,e9f8f081567ac13770348392f8bfb02e7b08fea5,6fde67fc2bfa8c4394f1750a405f80545ccc8d89,[],[],0,0,0,0,0
aaa2efb05f1e9cd5f694c87dbbdfad188013141b,30ca412921c28e5817cc1eb554d0591bac38039b,a1645e05726de03e8083b05e5f97c5289fc48ed6,[],"['.meteor/packages', 'packages/telescope-theme-base/versions.json', 'packages/telescope-theme-hubble/lib/client/scss/modules/_comments.scss', 'packages/telescope-theme-hubble/lib/client/scss/modules/_posts.scss', 'packages/telescope-theme-hubble/versions.json']",0,5,0,0,0
b8dc56ea40d73cd927fdf1c85f67e8a7407cf5b0,4eb53c693c973250d2bd80508f038dfd6213b8ac,dde08a355a967b5fbad4f11f4e6ffb70271aeff3,['collections/posts.js'],"['.meteor/versions', 'packages/telescope-api/versions.json', 'packages/telescope-base/versions.json', 'packages/telescope-module-embedly/versions.json', 'packages/telescope-module-share/versions.json', 'packages/telescope-notifications/versions.json', 'packages/telescope-rss/versions.json', 'packages/telescope-theme-base/versions.json', 'packages/telescope-theme-hubble/versions.json']",1,19,3,0,0
cddb3633fcc041fca7045c767e35c40df4b1a5f9,b40e490db1c419720ee5037083e78b68e2a12f53,8d498923b252fe75815487467f31f638bfba7357,['lib/router.js'],['packages/telescope-notifications/versions.json'],1,14,1,0,0
521afdc50d089772cd066568b57e7355b1d0c3bf,ff0ef69e6d72265107a16119aea52101350a4040,9be1bd7169ce407920019c2f8b65f791b2866a84,[],"['.meteor/versions', 'packages/telescope-kadira/versions.json', 'packages/telescope-notifications/lib/notifications.js']",0,6,0,0,0
7625687860e4e2e69956c85a0d06751282d147f9,90bd327e22d69fa3c0cbfe63ff03930292b1e018,f00ffd8498f5fe6cc4da48d0d4e877c14c7237b5,[],['packages/telescope-daily/lib/client/routes.js'],0,1,0,0,0
c06196f0edecbd474a45d743669a583c0732c2ca,e04a4e98e3a25e7da117a6a27c0609fe29c102cf,58ae149e0091a1b0d315eb5d9ab39cea902ecc24,[],['.meteor/packages'],0,1,0,0,0
97b9fccbf461020abb5d3a0c2def523bb7a716a9,efe9e5d38b84c6eadf003f6389645b3a37dcd98a,72323c683e688fbcdd94eda151ce1f3e31e2fc96,[],['.meteor/packages'],0,1,0,0,0
7b3153d805dbffb0c52ed286dedae59d7773f788,07486b290b153c05d9a4a20bd8d44b6bdbffcb78,efe9e5d38b84c6eadf003f6389645b3a37dcd98a,[],['.meteor/packages'],0,1,0,0,0
acf9ddf33b09dfe1516c8697fadb3f934bbed44f,b6aadff54dcbf25bcb603e3b00d525c0ef6413a6,06d0697d56a8408d50e8563be00c0679f25810cb,[],['.meteor/packages'],0,1,0,0,0
cec0dd5a43392c94a80c3a9629fecaaed5a0b5e0,9222fdc4f9484f7d78b77c2907032546cba211e7,8232a2e4b0b7902785215afab0fd5235377f4c93,[],['.meteor/versions'],0,1,0,0,0
8ee91e50dcf2cfca4330b04f57dd2ded327ce155,3b1cff9347f91532f7a49733d21d0b63a44d9272,991ca2351650ede568a26f49ccaa4c47870dfc5f,[],['packages/telescope-theme-hubble/lib/client/css/screen.css'],0,3,0,0,0
932f56bc1fedeb3eec10161ce6dd0be82869dd9f,8459a614c47f3658fbcc8b3004e458d296d61a5d,083a4c4dc48eca15fe9d4472e24e6b4e8adfc8d6,"['lib/helpers.js', 'server/invites.js']","['.meteor/packages', 'packages/.gitignore', 'smart.json', 'smart.lock']",2,7,2,1,1
87378ec656ff4e3493c54408d73d0c97732ca817,2fdd0614d97eead86ac835770145eab3480c2efc,d34da0a1f8d090ad373efb7ab6338c740f849fc8,['lib/router.js'],[],1,2,2,0,0
2f22c001b6cefc4e59913155e96f6fc431836b30,dbe22ffff78416d41b398279ff0970063568b760,1be5035c560beec4d9eb1853e083beaa93ae22aa,[],['packages/telescope-theme-hubble/lib/client/config.codekit'],0,6,0,0,0
738857a51e7cf9a35e97ac52f6ac28f7ca81760e,ae0cf36819ca04207f63577d2b3ad0bc4a0f581f,52c36a341b7b137643a767efbad593738c14be2d,['client/views/posts/post_page.js'],[],1,1,1,0,0
ae0cf36819ca04207f63577d2b3ad0bc4a0f581f,0b432f10d48f82df664eba3b0ff97fd597b13081,b91f6ff6fce116308fb5381e8c4717cf1a711adf,['client/views/posts/post_item.js'],['client/views/posts/post_item.html'],1,2,1,0,0
61cf1b6bea968c35a6159967c2daa80897a577ea,11b4750534a5858c1d0fd37e1ab7deb7d441b378,f57c6ab064bf4b059a0fc2b700a910dd420b85c6,['lib/router.js'],[],1,1,1,0,0
21e9a793ac0a365e8fbca2b8a6330a408366cf76,4e5f26d49c78b27e311314f6e4cc28b4067f94b0,ee1c3980ae8dfdd23512523af1f06dbb99f9f931,[],['.meteor/packages'],0,1,0,0,0
e1bc9627058b48a382b69841d0d8994c171728cf,a36e39d2512e3f4a8a02dee1adae8a44874a7be1,2e1f61dbf2a626241ea8a19b2adf5ad408c3bf28,[],['smart.lock'],0,2,0,0,0
b2afbe6ac77f0b184a458a291859761c2c7619cb,0cc4ca1bbb9269cb15f0edad521ae09996f56c4c,ca43c338f6cd1554b078d53d81180d1568e46605,"['client/views/common/nav.js', 'collections/notifications.js']","['client/views/common/nav.html', 'client/views/users/user_item.html', 'client/views/users/user_profile.html', 'client/views/users/users.html']",2,7,2,1,0
c527a00a6252c9e5e667448edb76d59001a9135a,fb2ad9b2c4f96741f04546ff96bdae41a25a7ec5,0bed5aa60999dbdf9be7c1c9f0e71c94f527269c,"['client/main.js', 'client/models/setting.js', 'client/views/comments/comment_edit.js', 'client/views/comments/comment_item.js', 'client/views/common/nav.js', 'client/views/posts/post_item.js', 'client/views/users/forgot_password.js', 'client/views/users/user_edit.js', 'client/views/users/user_item.js']","['.gitignore', '.meteor/packages', 'client/main.html', 'client/views/comments/comment_item.html', 'client/views/comments/comment_list.html', 'client/views/common/nav.html', 'client/views/errors/no_rights.html', 'client/views/posts/post_edit.html', 'client/views/posts/posts_digest.html', 'client/views/posts/posts_list.html', 'client/views/users/user_edit.html', 'client/views/users/user_item.html', 'client/views/users/user_profile.html', 'client/views/users/users.html', 'packages/.gitignore', 'smart.json', 'smart.lock']",9,30,9,1,0
d576fd3ac422019b9f18ae326f4ed1427f21f228,63f923b62cd5ed90afd8398bbd8b0bf413ec3178,11a9637dff6c5e0379f04d5bcb5edf7901483179,['client/helpers/router.js'],[],1,1,1,0,0
d2d819e9c7746579cceebcf6aa66ba27e7d51dac,2208a91b61c2a134631b001a0bc5235c66c940b3,e81c10a8dd6a70148f5aadb0b03660d425bbee5e,['client/models/setting.js'],"['.gitignore', '.meteor/packages']",1,4,2,0,0
5a79b119b26a50b0c76f2bc86649aa1259cc6f2e,6ae2cfa4eb80c1e5e5fc4a8cb0c20a5051986d1f,3f64ed562587acc89b117f0895fcbe2211c5b24e,[],['smart.lock'],0,1,0,0,0
1642c939a1facc953ffe1d6a5f094a4a81922cb9,8c30e4624a4b5a9d0592f45f5cabdf1dfe5388f5,02a75ec9aaa0287b80f3490b0bd92cf3be88eee5,"['client/app.js', 'client/views/posts/posts_list.js', 'server/publications.js']",['smart.lock'],3,6,5,28,18
9574f66621c08dde66245b4fb9d3816344b9324f,885d3aeb69e27bc196f28ddd6ef611d6fc1f60d6,0968d1ac3e2ca9e7c81eaf9c95e36241de229e6d,[],[],0,0,0,0,0
8ff81251ece19ccce3776b39dfac8e9e5d5b0a70,19ea68d0d9be6da3813c463118be9834c6050852,1974ac0386999f50b9b24c37dcc1a3eb1f964769,[],"['smart.json', 'smart.lock']",0,2,0,0,0
d87ac1ab1e3d1e30c53a04784ae103ab3c0f5f77,17304f3f1aeb9b751bddc2fab77dd60f72f4b345,096828194b240a997d717c94aa5b3b76b24c47e6,"['client/app.js', 'client/lib/router.js']","['smart.json', 'smart.lock']",2,4,2,0,0
17304f3f1aeb9b751bddc2fab77dd60f72f4b345,4e8e169a288f81bc395c037254efd6fd8846cef6,7c34d428e155bbc535445c1851251b65210c2abf,[],"['smart.json', 'smart.lock']",0,2,0,0,0
477eff56463f01f874c2a53a5de3a0908ebcad6e,a7e05f54f5a5db0ce79cda60c4952a1bd3bc890b,0ecd6573a277799564c73595f2ab13c1154e43e5,['server/publish.js'],[],1,1,1,0,0
a7e05f54f5a5db0ce79cda60c4952a1bd3bc890b,710ba94a5b460b2f5b6a0c097b2872db0c5cb5af,5bbe64b56d883006e67defb99391416d19e0ddc7,['common/helpers.js'],['client/css/screen.css'],1,14,1,0,0
2d4ad96b731e9718f8087e388a0d823a9d135b54,e28777f186e1ae11fe73bdb478f135893b76e494,2ab81ed21566d2425cb6cb98e5825cd7e4b1e8d0,[],['client/views/posts/post_edit.html'],0,1,0,0,0
0c98936902c06b3c4f8d37a66ff7c21c908b39c9,39e42c825b65f638e261beda276bf2a1026b0186,d326221f530a2e94c156b9e82f0baa931c3362d1,[],['.meteor/packages'],0,1,0,0,0
0be912db24c2d3e4579f020a389fadf0c6d76598,2f28a6d0557e7421be0c4b27a62e5e060b5d9856,6ff27ae3836681d02a5b7a3d1d97e8d85e550edb,['client/lib/router.js'],[],1,1,1,0,0
e8711717695c44e2466fb1ad3aa6f5a3a97ecf27,92c57121eda6fe9858daba0696285d603ed7028c,8641d52674218c9391dccceb3b84edca865dc62b,['client/lib/router.js'],[],1,1,1,0,0
1d2422b3b3d42c07464750c90e76e2a7f240d6dc,c3460159124f4851ebac3e7bb8255ff4561795a2,57408db7815ca11814b3a6fd654b4de2c10a78ae,"['client/models/setting.js', 'client/views/admin/settings.js']",[],2,3,3,10,8
db55645887319638c3a332ec564c4071411855ca,552441cde5794057ff6ec0afcf7e97765a132d5d,6dd66513587b686506a0f15762dc5de656efd848,['client/views/admin/settings.js'],[],1,1,1,10,10
a8e0bb0029d6a949d94c762c521dec0ff4c28eee,c5f2b8669b4d51d0b546c7cc61929fe44d057cab,13840c397be0fc7d241a367a27723430858e609e,[],['client/views/posts/post_edit.html'],0,2,0,0,0
51ced3e3312df07e6f8bea2557db6679d36be787,78448fe4223f4cf59342d0188938f645ccd77caa,4edc7513c57648bd09809af44c68366e5c482fee,['client/views/notifications.js'],[],1,1,1,0,0
9a03698633425cf768a12c5f77598db0eec036e3,a751fa1627ca242eeb60184164121422e81fe549,1208b14f2dd03082cfa649ecaa9bd51e4555a328,['client/views/notifications.js'],[],1,1,1,0,0
eb3119517435d79b11ed42f010d94b246c3ef3d1,93f7803140682ce3323da58e6cc36a059019d374,8cfbc7f9af96999cd9951d6e9946e91c57666c8a,[],['client/templates/post_edit.html'],0,1,0,0,0
ce11b81f29ce04665f8eb8bc20ea6107ea0afebe,a7907fa46db134e671a2ee85face1e04724e63db,c7ad8794ead9cd622bf48ab3ce0a7105ce0785b3,"['client/app.js', 'lib/helpers.js']",['client/templates/user_edit.html'],2,3,2,20,20
a5d5be98ceeb4196d75c9e2242974841adaa17dd,ebf241af997f69e11d44779407accd290a9dea00,23fccbd082fc46c5a0730fa52d2381975402007a,['client/templates/post_submit.js'],[],1,1,1,0,0
9cead704940284a75bf9955353e99c585bd9d3ed,9342f5bc15dad676943e893c7f2b7ed0980dd023,f66663e2fa0b6b3ff5d9179f3746e18b37e47869,['lib/vote.js'],['smart.json'],1,6,5,5,2
527cebc6a990f2d51d160d79ae7fe0d52972ec57,66522a539b3e19323dccb40a880ed5268ea976c6,625181991bd5587839f27276f2913981aa146ee1,[],['client/templates/post_page.html'],0,1,0,0,0
