10a241b60083aa4088de9e652561ee38ee53591a,RENAME,{Function componentDidMount at app/ui/components/modals/request-switcher-modal.js:189},{Function _handleKeydown at app/ui/components/modals/request-switcher-modal.js:28})
10a241b60083aa4088de9e652561ee38ee53591a,RENAME,{Function componentDidMount at app/ui/components/response-timer.js:19},{Function componentWillReceiveProps at app/ui/components/response-timer.js:18})
d675222bdd7627c95b1ccef3a44590c580bedb46,RENAME,{Function constructor at app/templating/extensions/uuid-extension.js:5},{Function getTag at app/templating/extensions/uuid-extension.js:9})
d675222bdd7627c95b1ccef3a44590c580bedb46,INLINE,{Function _objectDeepAssignRender at app/common/render.js:177},{Function buildRenderContext at app/common/render.js:7})
d675222bdd7627c95b1ccef3a44590c580bedb46,RENAME,{File environments-autocomplete.js at app/ui/components/codemirror/extensions/environments-autocomplete.js:1},{File autocomplete.js at app/ui/components/codemirror/extensions/autocomplete.js:1})
d675222bdd7627c95b1ccef3a44590c580bedb46,INTERNAL_MOVE,{Function next at app/common/render.js:66},{Function next at app/common/render.js:85})
d675222bdd7627c95b1ccef3a44590c580bedb46,RENAME,{Function constructor at app/templating/extensions/base-64-extension.js:4},{Function getTag at app/templating/extensions/base-64-extension.js:8})
d675222bdd7627c95b1ccef3a44590c580bedb46,INLINE,{Function toS at app/common/render.js:63},{Function next at app/common/render.js:85})
d675222bdd7627c95b1ccef3a44590c580bedb46,INLINE,{Function recursiveRender at app/common/render.js:61},{Function render at app/common/render.js:81})
d675222bdd7627c95b1ccef3a44590c580bedb46,RENAME,{Function constructor at app/templating/extensions/now-extension.js:4},{Function getTag at app/templating/extensions/now-extension.js:8})
d675222bdd7627c95b1ccef3a44590c580bedb46,EXTRACT,{Function run at app/templating/extensions/response-extension.js:17},{Function matchJSONPath at app/templating/extensions/response-extension.js:108})
79b3f3fe7cf256f5414cdbcced39a94ba15c024a,RENAME,{Function constructor at app/templating/extensions/now-extension.js:4},{Function getTag at app/templating/extensions/now-extension.js:8})
79b3f3fe7cf256f5414cdbcced39a94ba15c024a,RENAME,{Function constructor at app/templating/extensions/uuid-extension.js:5},{Function getTag at app/templating/extensions/uuid-extension.js:9})
79b3f3fe7cf256f5414cdbcced39a94ba15c024a,RENAME,{File environments-autocomplete.js at app/ui/components/codemirror/extensions/environments-autocomplete.js:1},{File autocomplete.js at app/ui/components/codemirror/extensions/autocomplete.js:1})
3b0e0384ad0863eb11b7ca3126f70dc9b51163ac,INTERNAL_MOVE,{Function Tab at app/ui/components/base/Editor.js:130},{Function Tab at app/ui/components/base/Editor.js:130})
eafca06f09a51be0c5a4885eeb6bf08b3173f2a9,EXTRACT,{Function render at app/ui/components/modals/WorkspaceSettingsModal.js:39},{Function renderModalHeader at app/ui/components/modals/WorkspaceSettingsModal.js:44})