08c8767abfa09d9b6e31d49ca960784ff04f22f1,RENAME,{Function buildNodeHierachy at examples/jsm/loaders/GLTFLoader.js:3865},{Function buildNodeHierarchy at examples/jsm/loaders/GLTFLoader.js:3920})
08c8767abfa09d9b6e31d49ca960784ff04f22f1,RENAME,{Function buildNodeHierachy at examples/js/loaders/GLTFLoader.js:3516},{Function buildNodeHierarchy at examples/js/loaders/GLTFLoader.js:3563})
08c8767abfa09d9b6e31d49ca960784ff04f22f1,RENAME,{Function composeShaderCode at examples/jsm/renderers/webgpu/nodes/WebGPUNodeBuilder.js:396},{Function _composeShaderCode at examples/jsm/renderers/webgpu/nodes/WebGPUNodeBuilder.js:417})
e57b7770785c6d013770687bb3ab187854b32076,EXTRACT_MOVE,{Function _projectObject at examples/jsm/renderers/webgpu/WebGPURenderer.js:640},{Function update at examples/jsm/renderers/nodes/accessors/SkinningNode.js:97})
e57b7770785c6d013770687bb3ab187854b32076,RENAME,{Function _parseMaterial at examples/jsm/renderers/webgl/nodes/WebGLNodeBuilder.js:33},{Function _parseObject at examples/jsm/renderers/webgl/nodes/WebGLNodeBuilder.js:33})
e57b7770785c6d013770687bb3ab187854b32076,RENAME,{Function _parseMaterial at examples/jsm/renderers/webgpu/nodes/WebGPUNodeBuilder.js:39},{Function _parseObject at examples/jsm/renderers/webgpu/nodes/WebGPUNodeBuilder.js:43})
92d826485ac6d9b6e22c079f922759f257dfd199,RENAME,{Function composeShaderCode at examples/jsm/renderers/webgpu/nodes/WebGPUNodeBuilder.js:396},{Function _composeShaderCode at examples/jsm/renderers/webgpu/nodes/WebGPUNodeBuilder.js:417})
75beab235898df9df39f9819212cf77822645ece,INTERNAL_MOVE,{Function clearViewOffset at src/cameras/OrthographicCamera.js:77},{Function clearViewOffset at src/cameras/OrthographicCamera.js:73})
75beab235898df9df39f9819212cf77822645ece,INTERNAL_MOVE,{Function copy at src/cameras/OrthographicCamera.js:31},{Function copy at src/cameras/OrthographicCamera.js:27})
75beab235898df9df39f9819212cf77822645ece,INTERNAL_MOVE,{Function updateProjectionMatrix at src/cameras/OrthographicCamera.js:89},{Function updateProjectionMatrix at src/cameras/OrthographicCamera.js:85})
75beab235898df9df39f9819212cf77822645ece,INTERNAL_MOVE,{Function update at src/cameras/StereoCamera.js:38},{Function update at src/cameras/StereoCamera.js:38})
75beab235898df9df39f9819212cf77822645ece,INTERNAL_MOVE,{Function setViewOffset at src/cameras/OrthographicCamera.js:49},{Function setViewOffset at src/cameras/OrthographicCamera.js:45})
75beab235898df9df39f9819212cf77822645ece,INTERNAL_MOVE,{Function toJSON at src/cameras/OrthographicCamera.js:119},{Function toJSON at src/cameras/OrthographicCamera.js:115})
00748410ac11496e8126291d00b363fb04cfaf07,INTERNAL_MOVE,{Function fromEquirectangularTexture at src/renderers/WebGLCubeRenderTarget.js:35},{Function fromEquirectangularTexture at src/renderers/WebGLCubeRenderTarget.js:34})
00748410ac11496e8126291d00b363fb04cfaf07,INTERNAL_MOVE,{Function dispose at src/renderers/WebGLRenderTarget.js:86},{Function dispose at src/renderers/WebGLRenderTarget.js:86})
00748410ac11496e8126291d00b363fb04cfaf07,INTERNAL_MOVE,{Function clone at src/renderers/WebGLRenderTarget.js:63},{Function clone at src/renderers/WebGLRenderTarget.js:63})
00748410ac11496e8126291d00b363fb04cfaf07,INTERNAL_MOVE,{Function copy at src/renderers/WebGLMultisampleRenderTarget.js:17},{Function copy at src/renderers/WebGLMultisampleRenderTarget.js:15})
00748410ac11496e8126291d00b363fb04cfaf07,INTERNAL_MOVE,{Function clear at src/renderers/WebGLCubeRenderTarget.js:126},{Function clear at src/renderers/WebGLCubeRenderTarget.js:125})
00748410ac11496e8126291d00b363fb04cfaf07,INTERNAL_MOVE,{Function copy at src/renderers/WebGLRenderTarget.js:69},{Function copy at src/renderers/WebGLRenderTarget.js:69})
00748410ac11496e8126291d00b363fb04cfaf07,INTERNAL_MOVE,{Function setSize at src/renderers/WebGLRenderTarget.js:44},{Function setSize at src/renderers/WebGLRenderTarget.js:44})
56da80e5677a443381c8fc78ccb9c0aa2bda2c32,INTERNAL_MOVE,{Function processNode at examples/js/exporters/GLTFExporter.js:1783},{Function processNode at examples/js/exporters/GLTFExporter.js:1771})
56da80e5677a443381c8fc78ccb9c0aa2bda2c32,INTERNAL_MOVE,{Function isNormalizedNormalAttribute at examples/js/exporters/GLTFExporter.js:250},{Function isNormalizedNormalAttribute at examples/js/exporters/GLTFExporter.js:536})
56da80e5677a443381c8fc78ccb9c0aa2bda2c32,EXTRACT,{Function parse at examples/jsm/exporters/GLTFExporter.js:93},{Function write at examples/jsm/exporters/GLTFExporter.js:380})
56da80e5677a443381c8fc78ccb9c0aa2bda2c32,INTERNAL_MOVE,{Function isNormalizedNormalAttribute at examples/jsm/exporters/GLTFExporter.js:273},{Function isNormalizedNormalAttribute at examples/jsm/exporters/GLTFExporter.js:560})
56da80e5677a443381c8fc78ccb9c0aa2bda2c32,INTERNAL_MOVE,{Function processBufferView at examples/jsm/exporters/GLTFExporter.js:509},{Function processBufferView at examples/jsm/exporters/GLTFExporter.js:691})
56da80e5677a443381c8fc78ccb9c0aa2bda2c32,INTERNAL_MOVE,{Function isIdentityMatrix at examples/js/exporters/GLTFExporter.js:161},{Function isIdentityMatrix at examples/js/exporters/GLTFExporter.js:196})
56da80e5677a443381c8fc78ccb9c0aa2bda2c32,INTERNAL_MOVE,{Function processBuffer at examples/js/exporters/GLTFExporter.js:462},{Function processBuffer at examples/js/exporters/GLTFExporter.js:644})
56da80e5677a443381c8fc78ccb9c0aa2bda2c32,INTERNAL_MOVE,{Function processTexture at examples/jsm/exporters/GLTFExporter.js:932},{Function processTexture at examples/jsm/exporters/GLTFExporter.js:1079})
56da80e5677a443381c8fc78ccb9c0aa2bda2c32,INTERNAL_MOVE,{Function processBuffer at examples/jsm/exporters/GLTFExporter.js:485},{Function processBuffer at examples/jsm/exporters/GLTFExporter.js:668})
56da80e5677a443381c8fc78ccb9c0aa2bda2c32,INTERNAL_MOVE,{Function getPaddedBufferSize at examples/js/exporters/GLTFExporter.js:323},{Function getPaddedBufferSize at examples/js/exporters/GLTFExporter.js:258})
56da80e5677a443381c8fc78ccb9c0aa2bda2c32,INTERNAL_MOVE,{Function equalArray at examples/js/exporters/GLTFExporter.js:145},{Function equalArray at examples/js/exporters/GLTFExporter.js:152})
56da80e5677a443381c8fc78ccb9c0aa2bda2c32,INTERNAL_MOVE,{Function createNormalizedNormalAttribute at examples/jsm/exporters/GLTFExporter.js:301},{Function createNormalizedNormalAttribute at examples/jsm/exporters/GLTFExporter.js:586})
56da80e5677a443381c8fc78ccb9c0aa2bda2c32,INTERNAL_MOVE,{Function onloadend at examples/js/exporters/GLTFExporter.js:2064},{Function onloadend at examples/js/exporters/GLTFExporter.js:405})
56da80e5677a443381c8fc78ccb9c0aa2bda2c32,INTERNAL_MOVE,{Function processImage at examples/js/exporters/GLTFExporter.js:754},{Function processImage at examples/js/exporters/GLTFExporter.js:916})
56da80e5677a443381c8fc78ccb9c0aa2bda2c32,EXTRACT_MOVE,{Function processMaterial at examples/jsm/exporters/GLTFExporter.js:973},{Function writeMaterial at examples/js/exporters/GLTFExporter.js:2117})
56da80e5677a443381c8fc78ccb9c0aa2bda2c32,INTERNAL_MOVE,{Function getPaddedBufferSize at examples/jsm/exporters/GLTFExporter.js:346},{Function getPaddedBufferSize at examples/jsm/exporters/GLTFExporter.js:282})
56da80e5677a443381c8fc78ccb9c0aa2bda2c32,INTERNAL_MOVE,{Function processNode at examples/jsm/exporters/GLTFExporter.js:1806},{Function processNode at examples/jsm/exporters/GLTFExporter.js:1795})
56da80e5677a443381c8fc78ccb9c0aa2bda2c32,INTERNAL_MOVE,{Function getUID at examples/js/exporters/GLTFExporter.js:131},{Function getUID at examples/js/exporters/GLTFExporter.js:522})
56da80e5677a443381c8fc78ccb9c0aa2bda2c32,INTERNAL_MOVE_RENAME,{Function processLight at examples/jsm/exporters/GLTFExporter.js:1748},{Function writeNode at examples/jsm/exporters/GLTFExporter.js:2044})
56da80e5677a443381c8fc78ccb9c0aa2bda2c32,INTERNAL_MOVE,{Function processAccessor at examples/js/exporters/GLTFExporter.js:641},{Function processAccessor at examples/js/exporters/GLTFExporter.js:816})
56da80e5677a443381c8fc78ccb9c0aa2bda2c32,INTERNAL_MOVE,{Function applyTextureTransform at examples/jsm/exporters/GLTFExporter.js:444},{Function applyTextureTransform at examples/jsm/exporters/GLTFExporter.js:627})
56da80e5677a443381c8fc78ccb9c0aa2bda2c32,INTERNAL_MOVE,{Function processSkin at examples/jsm/exporters/GLTFExporter.js:1705},{Function processSkin at examples/jsm/exporters/GLTFExporter.js:1749})
56da80e5677a443381c8fc78ccb9c0aa2bda2c32,INTERNAL_MOVE,{Function processInput at examples/jsm/exporters/GLTFExporter.js:2019},{Function processInput at examples/jsm/exporters/GLTFExporter.js:1966})
56da80e5677a443381c8fc78ccb9c0aa2bda2c32,INTERNAL_MOVE,{Function serializeUserData at examples/jsm/exporters/GLTFExporter.js:394},{Function serializeUserData at examples/jsm/exporters/GLTFExporter.js:503})
56da80e5677a443381c8fc78ccb9c0aa2bda2c32,EXTRACT_MOVE,{Function processMaterial at examples/js/exporters/GLTFExporter.js:950},{Function writeMaterial at examples/js/exporters/GLTFExporter.js:2152})
56da80e5677a443381c8fc78ccb9c0aa2bda2c32,INTERNAL_MOVE,{Function getMinMax at examples/js/exporters/GLTFExporter.js:202},{Function getMinMax at examples/js/exporters/GLTFExporter.js:209})
56da80e5677a443381c8fc78ccb9c0aa2bda2c32,INTERNAL_MOVE,{Function processTexture at examples/js/exporters/GLTFExporter.js:909},{Function processTexture at examples/js/exporters/GLTFExporter.js:1055})
56da80e5677a443381c8fc78ccb9c0aa2bda2c32,EXTRACT_MOVE,{Function processMaterial at examples/jsm/exporters/GLTFExporter.js:973},{Function writeMaterial at examples/jsm/exporters/GLTFExporter.js:2176})
56da80e5677a443381c8fc78ccb9c0aa2bda2c32,INTERNAL_MOVE_RENAME,{Function processLight at examples/js/exporters/GLTFExporter.js:1725},{Function writeNode at examples/js/exporters/GLTFExporter.js:2020})
56da80e5677a443381c8fc78ccb9c0aa2bda2c32,INTERNAL_MOVE,{Function processImage at examples/jsm/exporters/GLTFExporter.js:777},{Function processImage at examples/jsm/exporters/GLTFExporter.js:940})
56da80e5677a443381c8fc78ccb9c0aa2bda2c32,INTERNAL_MOVE,{Function getPaddedArrayBuffer at examples/jsm/exporters/GLTFExporter.js:359},{Function getPaddedArrayBuffer at examples/jsm/exporters/GLTFExporter.js:295})
56da80e5677a443381c8fc78ccb9c0aa2bda2c32,INTERNAL_MOVE,{Function processMesh at examples/jsm/exporters/GLTFExporter.js:1214},{Function processMesh at examples/jsm/exporters/GLTFExporter.js:1286})
56da80e5677a443381c8fc78ccb9c0aa2bda2c32,INTERNAL_MOVE,{Function processObjects at examples/js/exporters/GLTFExporter.js:1979},{Function processObjects at examples/js/exporters/GLTFExporter.js:1922})
56da80e5677a443381c8fc78ccb9c0aa2bda2c32,EXTRACT_MOVE,{Function processMaterial at examples/jsm/exporters/GLTFExporter.js:973},{Function writeMaterial at examples/jsm/exporters/GLTFExporter.js:2141})
56da80e5677a443381c8fc78ccb9c0aa2bda2c32,INTERNAL_MOVE,{Function isIdentityMatrix at examples/jsm/exporters/GLTFExporter.js:184},{Function isIdentityMatrix at examples/jsm/exporters/GLTFExporter.js:220})
56da80e5677a443381c8fc78ccb9c0aa2bda2c32,INTERNAL_MOVE,{Function processScene at examples/js/exporters/GLTFExporter.js:1926},{Function processScene at examples/js/exporters/GLTFExporter.js:1878})
56da80e5677a443381c8fc78ccb9c0aa2bda2c32,INTERNAL_MOVE,{Function processAnimation at examples/jsm/exporters/GLTFExporter.js:1596},{Function processAnimation at examples/jsm/exporters/GLTFExporter.js:1643})
56da80e5677a443381c8fc78ccb9c0aa2bda2c32,INTERNAL_MOVE,{Function processMaterial at examples/js/exporters/GLTFExporter.js:950},{Function processMaterial at examples/js/exporters/GLTFExporter.js:1088})
56da80e5677a443381c8fc78ccb9c0aa2bda2c32,INTERNAL_MOVE,{Function createNormalizedNormalAttribute at examples/js/exporters/GLTFExporter.js:278},{Function createNormalizedNormalAttribute at examples/js/exporters/GLTFExporter.js:562})
56da80e5677a443381c8fc78ccb9c0aa2bda2c32,INTERNAL_MOVE,{Function stringToArrayBuffer at examples/jsm/exporters/GLTFExporter.js:195},{Function stringToArrayBuffer at examples/jsm/exporters/GLTFExporter.js:191})
56da80e5677a443381c8fc78ccb9c0aa2bda2c32,INTERNAL_MOVE,{Function getPaddedArrayBuffer at examples/js/exporters/GLTFExporter.js:336},{Function getPaddedArrayBuffer at examples/js/exporters/GLTFExporter.js:271})
56da80e5677a443381c8fc78ccb9c0aa2bda2c32,INTERNAL_MOVE,{Function onloadend at examples/jsm/exporters/GLTFExporter.js:2135},{Function onloadend at examples/jsm/exporters/GLTFExporter.js:477})
56da80e5677a443381c8fc78ccb9c0aa2bda2c32,EXTRACT_MOVE,{Function processMaterial at examples/jsm/exporters/GLTFExporter.js:973},{Function writeMaterial at examples/js/exporters/GLTFExporter.js:2152})
56da80e5677a443381c8fc78ccb9c0aa2bda2c32,INTERNAL_MOVE,{Function processSkin at examples/js/exporters/GLTFExporter.js:1682},{Function processSkin at examples/js/exporters/GLTFExporter.js:1725})
56da80e5677a443381c8fc78ccb9c0aa2bda2c32,EXTRACT,{Function parse at examples/js/exporters/GLTFExporter.js:70},{Function write at examples/js/exporters/GLTFExporter.js:356})
56da80e5677a443381c8fc78ccb9c0aa2bda2c32,EXTRACT_MOVE,{Function processMaterial at examples/js/exporters/GLTFExporter.js:950},{Function writeMaterial at examples/js/exporters/GLTFExporter.js:2117})
56da80e5677a443381c8fc78ccb9c0aa2bda2c32,INTERNAL_MOVE,{Function processAccessor at examples/jsm/exporters/GLTFExporter.js:664},{Function processAccessor at examples/jsm/exporters/GLTFExporter.js:840})
56da80e5677a443381c8fc78ccb9c0aa2bda2c32,INTERNAL_MOVE,{Function stringToArrayBuffer at examples/js/exporters/GLTFExporter.js:172},{Function stringToArrayBuffer at examples/js/exporters/GLTFExporter.js:167})
56da80e5677a443381c8fc78ccb9c0aa2bda2c32,INTERNAL_MOVE,{Function processInput at examples/js/exporters/GLTFExporter.js:1996},{Function processInput at examples/js/exporters/GLTFExporter.js:1942})
56da80e5677a443381c8fc78ccb9c0aa2bda2c32,INTERNAL_MOVE,{Function processBufferView at examples/js/exporters/GLTFExporter.js:486},{Function processBufferView at examples/js/exporters/GLTFExporter.js:667})
56da80e5677a443381c8fc78ccb9c0aa2bda2c32,INTERNAL_MOVE,{Function getUID at examples/jsm/exporters/GLTFExporter.js:154},{Function getUID at examples/jsm/exporters/GLTFExporter.js:546})
56da80e5677a443381c8fc78ccb9c0aa2bda2c32,INTERNAL_MOVE,{Function processScene at examples/jsm/exporters/GLTFExporter.js:1949},{Function processScene at examples/jsm/exporters/GLTFExporter.js:1902})
56da80e5677a443381c8fc78ccb9c0aa2bda2c32,INTERNAL_MOVE,{Function processMesh at examples/js/exporters/GLTFExporter.js:1191},{Function processMesh at examples/js/exporters/GLTFExporter.js:1262})
56da80e5677a443381c8fc78ccb9c0aa2bda2c32,INTERNAL_MOVE,{Function processObjects at examples/jsm/exporters/GLTFExporter.js:2002},{Function processObjects at examples/jsm/exporters/GLTFExporter.js:1946})
56da80e5677a443381c8fc78ccb9c0aa2bda2c32,INTERNAL_MOVE,{Function equalArray at examples/jsm/exporters/GLTFExporter.js:168},{Function equalArray at examples/jsm/exporters/GLTFExporter.js:176})
56da80e5677a443381c8fc78ccb9c0aa2bda2c32,INTERNAL_MOVE,{Function processCamera at examples/jsm/exporters/GLTFExporter.js:1534},{Function processCamera at examples/jsm/exporters/GLTFExporter.js:1594})
56da80e5677a443381c8fc78ccb9c0aa2bda2c32,INTERNAL_MOVE,{Function applyTextureTransform at examples/js/exporters/GLTFExporter.js:421},{Function applyTextureTransform at examples/js/exporters/GLTFExporter.js:603})
56da80e5677a443381c8fc78ccb9c0aa2bda2c32,INTERNAL_MOVE,{Function getMinMax at examples/jsm/exporters/GLTFExporter.js:225},{Function getMinMax at examples/jsm/exporters/GLTFExporter.js:233})
56da80e5677a443381c8fc78ccb9c0aa2bda2c32,INTERNAL_MOVE,{Function onloadend at examples/jsm/exporters/GLTFExporter.js:2087},{Function onloadend at examples/jsm/exporters/GLTFExporter.js:429})
56da80e5677a443381c8fc78ccb9c0aa2bda2c32,INTERNAL_MOVE,{Function processAnimation at examples/js/exporters/GLTFExporter.js:1573},{Function processAnimation at examples/js/exporters/GLTFExporter.js:1619})
56da80e5677a443381c8fc78ccb9c0aa2bda2c32,INTERNAL_MOVE,{Function onloadend at examples/js/exporters/GLTFExporter.js:2112},{Function onloadend at examples/js/exporters/GLTFExporter.js:453})
56da80e5677a443381c8fc78ccb9c0aa2bda2c32,INTERNAL_MOVE,{Function processSampler at examples/js/exporters/GLTFExporter.js:881},{Function processSampler at examples/js/exporters/GLTFExporter.js:1033})
56da80e5677a443381c8fc78ccb9c0aa2bda2c32,EXTRACT_MOVE,{Function parse at examples/jsm/exporters/GLTFExporter.js:93},{Function write at examples/js/exporters/GLTFExporter.js:356})
56da80e5677a443381c8fc78ccb9c0aa2bda2c32,INTERNAL_MOVE,{Function processCamera at examples/js/exporters/GLTFExporter.js:1511},{Function processCamera at examples/js/exporters/GLTFExporter.js:1570})
56da80e5677a443381c8fc78ccb9c0aa2bda2c32,INTERNAL_MOVE,{Function processBufferViewImage at examples/js/exporters/GLTFExporter.js:599},{Function processBufferViewImage at examples/js/exporters/GLTFExporter.js:778})
56da80e5677a443381c8fc78ccb9c0aa2bda2c32,INTERNAL_MOVE,{Function processSampler at examples/jsm/exporters/GLTFExporter.js:904},{Function processSampler at examples/jsm/exporters/GLTFExporter.js:1057})
56da80e5677a443381c8fc78ccb9c0aa2bda2c32,INTERNAL_MOVE,{Function processMaterial at examples/jsm/exporters/GLTFExporter.js:973},{Function processMaterial at examples/jsm/exporters/GLTFExporter.js:1112})
56da80e5677a443381c8fc78ccb9c0aa2bda2c32,INTERNAL_MOVE,{Function processBufferViewImage at examples/jsm/exporters/GLTFExporter.js:622},{Function processBufferViewImage at examples/jsm/exporters/GLTFExporter.js:802})
56da80e5677a443381c8fc78ccb9c0aa2bda2c32,INTERNAL_MOVE,{Function serializeUserData at examples/js/exporters/GLTFExporter.js:371},{Function serializeUserData at examples/js/exporters/GLTFExporter.js:479})
503e10ef9eaae2f43460d8c098a5b81e6b206916,INTERNAL_MOVE,{Function clone at src/textures/Texture.js:84},{Function clone at src/textures/Texture.js:84})
503e10ef9eaae2f43460d8c098a5b81e6b206916,INTERNAL_MOVE,{Function toJSON at src/textures/Texture.js:129},{Function toJSON at src/textures/Texture.js:129})
503e10ef9eaae2f43460d8c098a5b81e6b206916,INTERNAL_MOVE_RENAME,{Function set at src/textures/CubeTexture.js:29},{Function images at src/textures/CubeTexture.js:25})
503e10ef9eaae2f43460d8c098a5b81e6b206916,INTERNAL_MOVE_RENAME,{Function get at src/textures/CubeTexture.js:23},{Function images at src/textures/CubeTexture.js:19})
503e10ef9eaae2f43460d8c098a5b81e6b206916,INTERNAL_MOVE,{Function dispose at src/textures/Texture.js:231},{Function dispose at src/textures/Texture.js:231})
503e10ef9eaae2f43460d8c098a5b81e6b206916,INTERNAL_MOVE,{Function copy at src/textures/Texture.js:90},{Function copy at src/textures/Texture.js:90})
503e10ef9eaae2f43460d8c098a5b81e6b206916,INTERNAL_MOVE_RENAME,{Function set at src/textures/Texture.js:321},{Function needsUpdate at src/textures/Texture.js:317})
503e10ef9eaae2f43460d8c098a5b81e6b206916,INTERNAL_MOVE,{Function updateVideo at src/textures/VideoTexture.js:17},{Function updateVideo at src/textures/VideoTexture.js:19})
503e10ef9eaae2f43460d8c098a5b81e6b206916,INTERNAL_MOVE,{Function updateMatrix at src/textures/Texture.js:78},{Function updateMatrix at src/textures/Texture.js:78})
503e10ef9eaae2f43460d8c098a5b81e6b206916,INTERNAL_MOVE,{Function update at src/textures/VideoTexture.js:38},{Function update at src/textures/VideoTexture.js:36})
503e10ef9eaae2f43460d8c098a5b81e6b206916,INTERNAL_MOVE,{Function transformUv at src/textures/Texture.js:237},{Function transformUv at src/textures/Texture.js:237})
154d6f46913e289de7d71ec79a943d521d8fb970,INTERNAL_MOVE,{Function getPoint at src/extras/curves/CubicBezierCurve.js:23},{Function getPoint at src/extras/curves/CubicBezierCurve.js:20})
154d6f46913e289de7d71ec79a943d521d8fb970,INTERNAL_MOVE,{Function toJSON at src/extras/curves/CubicBezierCurve3.js:52},{Function toJSON at src/extras/curves/CubicBezierCurve3.js:47})
154d6f46913e289de7d71ec79a943d521d8fb970,INTERNAL_MOVE,{Function getPoint at src/extras/curves/EllipseCurve.js:30},{Function getPoint at src/extras/curves/EllipseCurve.js:27})
154d6f46913e289de7d71ec79a943d521d8fb970,INTERNAL_MOVE,{Function toJSON at src/extras/curves/EllipseCurve.js:114},{Function toJSON at src/extras/curves/EllipseCurve.js:110})
154d6f46913e289de7d71ec79a943d521d8fb970,INTERNAL_MOVE,{Function copy at src/extras/curves/QuadraticBezierCurve.js:37},{Function copy at src/extras/curves/QuadraticBezierCurve.js:33})
154d6f46913e289de7d71ec79a943d521d8fb970,INTERNAL_MOVE,{Function fromJSON at src/extras/curves/QuadraticBezierCurve3.js:62},{Function fromJSON at src/extras/curves/QuadraticBezierCurve3.js:56})
154d6f46913e289de7d71ec79a943d521d8fb970,INTERNAL_MOVE,{Function toJSON at src/extras/curves/SplineCurve.js:62},{Function toJSON at src/extras/curves/SplineCurve.js:57})
154d6f46913e289de7d71ec79a943d521d8fb970,INTERNAL_MOVE,{Function toJSON at src/extras/curves/QuadraticBezierCurve.js:49},{Function toJSON at src/extras/curves/QuadraticBezierCurve.js:44})
154d6f46913e289de7d71ec79a943d521d8fb970,INTERNAL_MOVE,{Function getPoint at src/extras/curves/SplineCurve.js:20},{Function getPoint at src/extras/curves/SplineCurve.js:17})
154d6f46913e289de7d71ec79a943d521d8fb970,INTERNAL_MOVE,{Function fromJSON at src/extras/curves/LineCurve3.js:69},{Function fromJSON at src/extras/curves/LineCurve3.js:61})
154d6f46913e289de7d71ec79a943d521d8fb970,INTERNAL_MOVE,{Function toJSON at src/extras/curves/QuadraticBezierCurve3.js:50},{Function toJSON at src/extras/curves/QuadraticBezierCurve3.js:45})
154d6f46913e289de7d71ec79a943d521d8fb970,INTERNAL_MOVE,{Function toJSON at src/extras/curves/CatmullRomCurve3.js:210},{Function toJSON at src/extras/curves/CatmullRomCurve3.js:208})
154d6f46913e289de7d71ec79a943d521d8fb970,INTERNAL_MOVE,{Function getPointAt at src/extras/curves/LineCurve3.js:41},{Function getPointAt at src/extras/curves/LineCurve3.js:36})
154d6f46913e289de7d71ec79a943d521d8fb970,INTERNAL_MOVE,{Function getPoint at src/extras/curves/LineCurve3.js:20},{Function getPoint at src/extras/curves/LineCurve3.js:17})
154d6f46913e289de7d71ec79a943d521d8fb970,INTERNAL_MOVE,{Function toJSON at src/extras/curves/LineCurve.js:68},{Function toJSON at src/extras/curves/LineCurve.js:60})
154d6f46913e289de7d71ec79a943d521d8fb970,INTERNAL_MOVE,{Function fromJSON at src/extras/curves/EllipseCurve.js:135},{Function fromJSON at src/extras/curves/EllipseCurve.js:130})
154d6f46913e289de7d71ec79a943d521d8fb970,INTERNAL_MOVE,{Function copy at src/extras/curves/LineCurve.js:57},{Function copy at src/extras/curves/LineCurve.js:50})
154d6f46913e289de7d71ec79a943d521d8fb970,INTERNAL_MOVE,{Function toJSON at src/extras/curves/CubicBezierCurve.js:51},{Function toJSON at src/extras/curves/CubicBezierCurve.js:46})
154d6f46913e289de7d71ec79a943d521d8fb970,INTERNAL_MOVE,{Function fromJSON at src/extras/curves/QuadraticBezierCurve.js:61},{Function fromJSON at src/extras/curves/QuadraticBezierCurve.js:55})
154d6f46913e289de7d71ec79a943d521d8fb970,INTERNAL_MOVE,{Function getPointAt at src/extras/curves/LineCurve.js:41},{Function getPointAt at src/extras/curves/LineCurve.js:36})
154d6f46913e289de7d71ec79a943d521d8fb970,INTERNAL_MOVE,{Function copy at src/extras/curves/SplineCurve.js:44},{Function copy at src/extras/curves/SplineCurve.js:40})
154d6f46913e289de7d71ec79a943d521d8fb970,INTERNAL_MOVE,{Function fromJSON at src/extras/curves/CatmullRomCurve3.js:231},{Function fromJSON at src/extras/curves/CatmullRomCurve3.js:228})
154d6f46913e289de7d71ec79a943d521d8fb970,INTERNAL_MOVE,{Function getPoint at src/extras/curves/QuadraticBezierCurve3.js:22},{Function getPoint at src/extras/curves/QuadraticBezierCurve3.js:19})
154d6f46913e289de7d71ec79a943d521d8fb970,INTERNAL_MOVE,{Function getPoint at src/extras/curves/CubicBezierCurve3.js:23},{Function getPoint at src/extras/curves/CubicBezierCurve3.js:20})
154d6f46913e289de7d71ec79a943d521d8fb970,INTERNAL_MOVE,{Function copy at src/extras/curves/CubicBezierCurve3.js:39},{Function copy at src/extras/curves/CubicBezierCurve3.js:35})
154d6f46913e289de7d71ec79a943d521d8fb970,INTERNAL_MOVE,{Function fromJSON at src/extras/curves/CubicBezierCurve.js:64},{Function fromJSON at src/extras/curves/CubicBezierCurve.js:58})
154d6f46913e289de7d71ec79a943d521d8fb970,INTERNAL_MOVE,{Function fromJSON at src/extras/curves/CubicBezierCurve3.js:65},{Function fromJSON at src/extras/curves/CubicBezierCurve3.js:59})
154d6f46913e289de7d71ec79a943d521d8fb970,INTERNAL_MOVE,{Function copy at src/extras/curves/QuadraticBezierCurve3.js:38},{Function copy at src/extras/curves/QuadraticBezierCurve3.js:34})
154d6f46913e289de7d71ec79a943d521d8fb970,INTERNAL_MOVE,{Function toJSON at src/extras/curves/LineCurve3.js:58},{Function toJSON at src/extras/curves/LineCurve3.js:51})
154d6f46913e289de7d71ec79a943d521d8fb970,INTERNAL_MOVE,{Function copy at src/extras/curves/LineCurve3.js:47},{Function copy at src/extras/curves/LineCurve3.js:41})
154d6f46913e289de7d71ec79a943d521d8fb970,INTERNAL_MOVE,{Function getTangent at src/extras/curves/LineCurve.js:47},{Function getTangent at src/extras/curves/LineCurve.js:41})
154d6f46913e289de7d71ec79a943d521d8fb970,INTERNAL_MOVE,{Function getPoint at src/extras/curves/LineCurve.js:20},{Function getPoint at src/extras/curves/LineCurve.js:17})
154d6f46913e289de7d71ec79a943d521d8fb970,INTERNAL_MOVE,{Function fromJSON at src/extras/curves/LineCurve.js:79},{Function fromJSON at src/extras/curves/LineCurve.js:70})
154d6f46913e289de7d71ec79a943d521d8fb970,INTERNAL_MOVE,{Function getPoint at src/extras/curves/CatmullRomCurve3.js:102},{Function getPoint at src/extras/curves/CatmullRomCurve3.js:99})
154d6f46913e289de7d71ec79a943d521d8fb970,INTERNAL_MOVE,{Function copy at src/extras/curves/CubicBezierCurve.js:38},{Function copy at src/extras/curves/CubicBezierCurve.js:34})
154d6f46913e289de7d71ec79a943d521d8fb970,INTERNAL_MOVE,{Function copy at src/extras/curves/CatmullRomCurve3.js:188},{Function copy at src/extras/curves/CatmullRomCurve3.js:187})
154d6f46913e289de7d71ec79a943d521d8fb970,INTERNAL_MOVE,{Function getPoint at src/extras/curves/QuadraticBezierCurve.js:22},{Function getPoint at src/extras/curves/QuadraticBezierCurve.js:19})
154d6f46913e289de7d71ec79a943d521d8fb970,INTERNAL_MOVE,{Function copy at src/extras/curves/EllipseCurve.js:92},{Function copy at src/extras/curves/EllipseCurve.js:90})
154d6f46913e289de7d71ec79a943d521d8fb970,INTERNAL_MOVE,{Function fromJSON at src/extras/curves/SplineCurve.js:79},{Function fromJSON at src/extras/curves/SplineCurve.js:73})
6ff1d1bd7183e9f4ec75075dccb6410a605de3d6,RENAME,{Function updateInputSources at src/renderers/webxr/WebXRManager.js:225},{Function onInputSourcesChange at src/renderers/webxr/WebXRManager.js:216})
3b7656a4215dce85c133d7122d51738d5574e545 MOVE,{Function handleTriangle at examples/js/utils/BufferGeometryUtils.js:56},{Function handleTriangle at src/core/BufferGeometry.js:796})
3b7656a4215dce85c133d7122d51738d5574e545 MOVE,{Function handleVertex at examples/js/utils/BufferGeometryUtils.js:125},{Function handleVertex at src/core/BufferGeometry.js:864})
7232aa40266d43e0caa128b52793574bf2c89cff,RENAME,{Class DodecahedronBufferGeometry at src/geometries/DodecahedronBufferGeometry.js:3},{Class DodecahedronGeometry at src/geometries/DodecahedronGeometry.js:3})
7232aa40266d43e0caa128b52793574bf2c89cff,RENAME,{Class SphereBufferGeometry at src/geometries/SphereBufferGeometry.js:5},{Class SphereGeometry at src/geometries/SphereGeometry.js:5})
7232aa40266d43e0caa128b52793574bf2c89cff,RENAME,{Class IcosahedronBufferGeometry at src/geometries/IcosahedronBufferGeometry.js:3},{Class IcosahedronGeometry at src/geometries/IcosahedronGeometry.js:3})
7232aa40266d43e0caa128b52793574bf2c89cff,RENAME,{File TorusKnotBufferGeometry.js at src/geometries/TorusKnotBufferGeometry.js:1},{File TorusKnotGeometry.js at src/geometries/TorusKnotGeometry.js:1})
7232aa40266d43e0caa128b52793574bf2c89cff,RENAME,{Class RingBufferGeometry at src/geometries/RingBufferGeometry.js:6},{Class RingGeometry at src/geometries/RingGeometry.js:6})
7232aa40266d43e0caa128b52793574bf2c89cff,RENAME,{Class PlaneBufferGeometry at src/geometries/PlaneBufferGeometry.js:4},{Class PlaneGeometry at src/geometries/PlaneGeometry.js:4})
7232aa40266d43e0caa128b52793574bf2c89cff,RENAME,{Class TorusBufferGeometry at src/geometries/TorusBufferGeometry.js:5},{Class TorusGeometry at src/geometries/TorusGeometry.js:5})
7232aa40266d43e0caa128b52793574bf2c89cff,RENAME,{File RingBufferGeometry.js at src/geometries/RingBufferGeometry.js:1},{File RingGeometry.js at src/geometries/RingGeometry.js:1})
7232aa40266d43e0caa128b52793574bf2c89cff,RENAME,{Class CylinderBufferGeometry at src/geometries/CylinderBufferGeometry.js:6},{Class CylinderGeometry at src/geometries/CylinderGeometry.js:6})
7232aa40266d43e0caa128b52793574bf2c89cff,RENAME,{Class ShapeBufferGeometry at src/geometries/ShapeBufferGeometry.js:5},{Class ShapeGeometry at src/geometries/ShapeGeometry.js:5})
7232aa40266d43e0caa128b52793574bf2c89cff,RENAME,{File PlaneBufferGeometry.js at src/geometries/PlaneBufferGeometry.js:1},{File PlaneGeometry.js at src/geometries/PlaneGeometry.js:1})
7232aa40266d43e0caa128b52793574bf2c89cff,RENAME,{Class TextBufferGeometry at src/geometries/TextBufferGeometry.js:21},{Class TextGeometry at src/geometries/TextGeometry.js:21})
7232aa40266d43e0caa128b52793574bf2c89cff,RENAME,{File TextBufferGeometry.js at src/geometries/TextBufferGeometry.js:1},{File TextGeometry.js at src/geometries/TextGeometry.js:1})
7232aa40266d43e0caa128b52793574bf2c89cff,RENAME,{Class ExtrudeBufferGeometry at src/geometries/ExtrudeBufferGeometry.js:29},{Class ExtrudeGeometry at src/geometries/ExtrudeGeometry.js:29})
7232aa40266d43e0caa128b52793574bf2c89cff,RENAME,{Class TorusKnotBufferGeometry at src/geometries/TorusKnotBufferGeometry.js:5},{Class TorusKnotGeometry at src/geometries/TorusKnotGeometry.js:5})
7232aa40266d43e0caa128b52793574bf2c89cff,RENAME,{Class LatheBufferGeometry at src/geometries/LatheBufferGeometry.js:7},{Class LatheGeometry at src/geometries/LatheGeometry.js:7})
7232aa40266d43e0caa128b52793574bf2c89cff,RENAME,{File PolyhedronBufferGeometry.js at src/geometries/PolyhedronBufferGeometry.js:1},{File PolyhedronGeometry.js at src/geometries/PolyhedronGeometry.js:1})
7232aa40266d43e0caa128b52793574bf2c89cff,RENAME,{File BoxBufferGeometry.js at src/geometries/BoxBufferGeometry.js:1},{File BoxGeometry.js at src/geometries/BoxGeometry.js:1})
7232aa40266d43e0caa128b52793574bf2c89cff,RENAME,{Class OctahedronBufferGeometry at src/geometries/OctahedronBufferGeometry.js:3},{Class OctahedronGeometry at src/geometries/OctahedronGeometry.js:3})
7232aa40266d43e0caa128b52793574bf2c89cff,RENAME,{Class ConeBufferGeometry at src/geometries/ConeBufferGeometry.js:3},{Class ConeGeometry at src/geometries/ConeGeometry.js:3})
7232aa40266d43e0caa128b52793574bf2c89cff,RENAME,{File TubeBufferGeometry.js at src/geometries/TubeBufferGeometry.js:1},{File TubeGeometry.js at src/geometries/TubeGeometry.js:1})
7232aa40266d43e0caa128b52793574bf2c89cff,RENAME,{Class PolyhedronBufferGeometry at src/geometries/PolyhedronBufferGeometry.js:6},{Class PolyhedronGeometry at src/geometries/PolyhedronGeometry.js:6})
7232aa40266d43e0caa128b52793574bf2c89cff,RENAME,{Class BoxBufferGeometry at src/geometries/BoxBufferGeometry.js:5},{Class BoxGeometry at src/geometries/BoxGeometry.js:5})
7232aa40266d43e0caa128b52793574bf2c89cff,RENAME,{Class CircleBufferGeometry at src/geometries/CircleBufferGeometry.js:6},{Class CircleGeometry at src/geometries/CircleGeometry.js:6})
7232aa40266d43e0caa128b52793574bf2c89cff,RENAME,{Class TubeBufferGeometry at src/geometries/TubeBufferGeometry.js:6},{Class TubeGeometry at src/geometries/TubeGeometry.js:6})
7232aa40266d43e0caa128b52793574bf2c89cff,RENAME,{File ShapeBufferGeometry.js at src/geometries/ShapeBufferGeometry.js:1},{File ShapeGeometry.js at src/geometries/ShapeGeometry.js:1})
7232aa40266d43e0caa128b52793574bf2c89cff,RENAME,{File TorusBufferGeometry.js at src/geometries/TorusBufferGeometry.js:1},{File TorusGeometry.js at src/geometries/TorusGeometry.js:1})
7232aa40266d43e0caa128b52793574bf2c89cff,RENAME,{Class TetrahedronBufferGeometry at src/geometries/TetrahedronBufferGeometry.js:3},{Class TetrahedronGeometry at src/geometries/TetrahedronGeometry.js:3})
7232aa40266d43e0caa128b52793574bf2c89cff,RENAME,{File CylinderBufferGeometry.js at src/geometries/CylinderBufferGeometry.js:1},{File CylinderGeometry.js at src/geometries/CylinderGeometry.js:1})
7232aa40266d43e0caa128b52793574bf2c89cff,RENAME,{File ExtrudeBufferGeometry.js at src/geometries/ExtrudeBufferGeometry.js:1},{File ExtrudeGeometry.js at src/geometries/ExtrudeGeometry.js:1})
7232aa40266d43e0caa128b52793574bf2c89cff,RENAME,{File SphereBufferGeometry.js at src/geometries/SphereBufferGeometry.js:1},{File SphereGeometry.js at src/geometries/SphereGeometry.js:1})
7232aa40266d43e0caa128b52793574bf2c89cff,RENAME,{File IcosahedronBufferGeometry.js at src/geometries/IcosahedronBufferGeometry.js:1},{File IcosahedronGeometry.js at src/geometries/IcosahedronGeometry.js:1})
7232aa40266d43e0caa128b52793574bf2c89cff,RENAME,{Function ParametricBufferGeometry at src/geometries/ParametricBufferGeometry.js:10},{Function ParametricGeometry at src/geometries/ParametricGeometry.js:10})
7232aa40266d43e0caa128b52793574bf2c89cff,RENAME,{File LatheBufferGeometry.js at src/geometries/LatheBufferGeometry.js:1},{File LatheGeometry.js at src/geometries/LatheGeometry.js:1})
7232aa40266d43e0caa128b52793574bf2c89cff,RENAME,{File OctahedronBufferGeometry.js at src/geometries/OctahedronBufferGeometry.js:1},{File OctahedronGeometry.js at src/geometries/OctahedronGeometry.js:1})
7232aa40266d43e0caa128b52793574bf2c89cff,RENAME,{File CircleBufferGeometry.js at src/geometries/CircleBufferGeometry.js:1},{File CircleGeometry.js at src/geometries/CircleGeometry.js:1})
7232aa40266d43e0caa128b52793574bf2c89cff,RENAME,{File ConeBufferGeometry.js at src/geometries/ConeBufferGeometry.js:1},{File ConeGeometry.js at src/geometries/ConeGeometry.js:1})
7232aa40266d43e0caa128b52793574bf2c89cff,RENAME,{File DodecahedronBufferGeometry.js at src/geometries/DodecahedronBufferGeometry.js:1},{File DodecahedronGeometry.js at src/geometries/DodecahedronGeometry.js:1})
7232aa40266d43e0caa128b52793574bf2c89cff,RENAME,{File TetrahedronBufferGeometry.js at src/geometries/TetrahedronBufferGeometry.js:1},{File TetrahedronGeometry.js at src/geometries/TetrahedronGeometry.js:1})
7232aa40266d43e0caa128b52793574bf2c89cff,RENAME,{File ParametricBufferGeometry.js at src/geometries/ParametricBufferGeometry.js:1},{File ParametricGeometry.js at src/geometries/ParametricGeometry.js:1})
bc1f1ec7095d24332c9f80f01ecfb2ef85893709 INLINE,{Function setMaterial at examples/jsm/renderers/nodes/core/NodeBuilder.js:16},{Function get at examples/jsm/renderers/webgpu/WebGPURenderPipelines.js:35})
f738e6a89f809a94e78b1ea178e81cc7e1bbfafe,EXTRACT_MOVE,{Function parse at examples/jsm/renderers/webgpu/WebGPUNodeBuilder.js:39},{Function addSlot at examples/jsm/renderers/nodes/core/NodeBuilder.js:22})
0a212486f6e9cb052fd4b0e41a1b2bbd8c0545a6,INTERNAL_MOVE,{Function load at src/loaders/AnimationLoader.js:15},{Function load at src/loaders/AnimationLoader.js:13})
0a212486f6e9cb052fd4b0e41a1b2bbd8c0545a6,INTERNAL_MOVE,{Function load at src/loaders/CubeTextureLoader.js:15},{Function load at src/loaders/CubeTextureLoader.js:13})
0a212486f6e9cb052fd4b0e41a1b2bbd8c0545a6,INTERNAL_MOVE,{Function setTextures at src/loaders/MaterialLoader.js:286},{Function setTextures at src/loaders/MaterialLoader.js:283})
0a212486f6e9cb052fd4b0e41a1b2bbd8c0545a6,INTERNAL_MOVE,{Function load at src/loaders/ObjectLoader.js:69},{Function load at src/loaders/ObjectLoader.js:67})
0a212486f6e9cb052fd4b0e41a1b2bbd8c0545a6,INTERNAL_MOVE,{Function parse at src/loaders/FontLoader.js:45},{Function parse at src/loaders/FontLoader.js:43})
0a212486f6e9cb052fd4b0e41a1b2bbd8c0545a6,INTERNAL_MOVE,{Function parse at src/loaders/ObjectLoader.js:112},{Function parse at src/loaders/ObjectLoader.js:110})
0a212486f6e9cb052fd4b0e41a1b2bbd8c0545a6,INTERNAL_MOVE,{Function load at src/loaders/ImageLoader.js:14},{Function load at src/loaders/ImageLoader.js:12})
0a212486f6e9cb052fd4b0e41a1b2bbd8c0545a6,INTERNAL_MOVE,{Function parseAnimations at src/loaders/ObjectLoader.js:502},{Function parseAnimations at src/loaders/ObjectLoader.js:500})
0a212486f6e9cb052fd4b0e41a1b2bbd8c0545a6,INTERNAL_MOVE,{Function load at src/loaders/AudioLoader.js:15},{Function load at src/loaders/AudioLoader.js:13})
0a212486f6e9cb052fd4b0e41a1b2bbd8c0545a6,INTERNAL_MOVE,{Function load at src/loaders/FontLoader.js:15},{Function load at src/loaders/FontLoader.js:13})
0a212486f6e9cb052fd4b0e41a1b2bbd8c0545a6,INTERNAL_MOVE,{Function load at src/loaders/BufferGeometryLoader.js:22},{Function load at src/loaders/BufferGeometryLoader.js:20})
0a212486f6e9cb052fd4b0e41a1b2bbd8c0545a6,INTERNAL_MOVE,{Function parseMaterials at src/loaders/ObjectLoader.js:446},{Function parseMaterials at src/loaders/ObjectLoader.js:444})
0a212486f6e9cb052fd4b0e41a1b2bbd8c0545a6,INTERNAL_MOVE,{Function parse at src/loaders/AnimationLoader.js:48},{Function parse at src/loaders/AnimationLoader.js:46})
0a212486f6e9cb052fd4b0e41a1b2bbd8c0545a6,INTERNAL_MOVE,{Function parse at src/loaders/MaterialLoader.js:56},{Function parse at src/loaders/MaterialLoader.js:53})
0a212486f6e9cb052fd4b0e41a1b2bbd8c0545a6,INTERNAL_MOVE,{Function parseObject at src/loaders/ObjectLoader.js:679},{Function parseObject at src/loaders/ObjectLoader.js:677})
0a212486f6e9cb052fd4b0e41a1b2bbd8c0545a6,INTERNAL_MOVE,{Function parse at src/loaders/BufferGeometryLoader.js:55},{Function parse at src/loaders/BufferGeometryLoader.js:53})
0a212486f6e9cb052fd4b0e41a1b2bbd8c0545a6,INTERNAL_MOVE,{Function parseTextures at src/loaders/ObjectLoader.js:592},{Function parseTextures at src/loaders/ObjectLoader.js:590})
0a212486f6e9cb052fd4b0e41a1b2bbd8c0545a6,INTERNAL_MOVE,{Function load at src/loaders/MaterialLoader.js:23},{Function load at src/loaders/MaterialLoader.js:20})
0a212486f6e9cb052fd4b0e41a1b2bbd8c0545a6,INTERNAL_MOVE,{Function parseShape at src/loaders/ObjectLoader.js:144},{Function parseShape at src/loaders/ObjectLoader.js:142})
0a212486f6e9cb052fd4b0e41a1b2bbd8c0545a6,INTERNAL_MOVE,{Function parseImages at src/loaders/ObjectLoader.js:522},{Function parseImages at src/loaders/ObjectLoader.js:520})
0a212486f6e9cb052fd4b0e41a1b2bbd8c0545a6,INTERNAL_MOVE,{Function parseGeometries at src/loaders/ObjectLoader.js:164},{Function parseGeometries at src/loaders/ObjectLoader.js:162})
1c8be06133a385ce7f80c3fcc89b392695763b2a,RENAME,{Function parseShape at src/loaders/ObjectLoader.js:143},{Function parseShapes at src/loaders/ObjectLoader.js:149})
1c8be06133a385ce7f80c3fcc89b392695763b2a,EXTRACT,{Function Skeleton at src/objects/Skeleton.js:6},{Function init at src/objects/Skeleton.js:23})
03e60a147899b042ca01ba60d38cbd9df06540fe,INTERNAL_MOVE,{Function parseObject at src/loaders/ObjectLoader.js:679},{Function parseObject at src/loaders/ObjectLoader.js:677})
03e60a147899b042ca01ba60d38cbd9df06540fe,INTERNAL_MOVE,{Function parseMaterials at src/loaders/ObjectLoader.js:446},{Function parseMaterials at src/loaders/ObjectLoader.js:444})
03e60a147899b042ca01ba60d38cbd9df06540fe,INTERNAL_MOVE,{Function parseAnimations at src/loaders/ObjectLoader.js:502},{Function parseAnimations at src/loaders/ObjectLoader.js:500})
03e60a147899b042ca01ba60d38cbd9df06540fe,INTERNAL_MOVE,{Function parseShape at src/loaders/ObjectLoader.js:144},{Function parseShape at src/loaders/ObjectLoader.js:142})
03e60a147899b042ca01ba60d38cbd9df06540fe,INTERNAL_MOVE,{Function parse at src/loaders/ObjectLoader.js:112},{Function parse at src/loaders/ObjectLoader.js:110})
03e60a147899b042ca01ba60d38cbd9df06540fe,INTERNAL_MOVE,{Function parseTextures at src/loaders/ObjectLoader.js:592},{Function parseTextures at src/loaders/ObjectLoader.js:590})
03e60a147899b042ca01ba60d38cbd9df06540fe,INTERNAL_MOVE,{Function load at src/loaders/ObjectLoader.js:69},{Function load at src/loaders/ObjectLoader.js:67})
03e60a147899b042ca01ba60d38cbd9df06540fe,INTERNAL_MOVE,{Function parseImages at src/loaders/ObjectLoader.js:522},{Function parseImages at src/loaders/ObjectLoader.js:520})
03e60a147899b042ca01ba60d38cbd9df06540fe,INTERNAL_MOVE,{Function parseGeometries at src/loaders/ObjectLoader.js:164},{Function parseGeometries at src/loaders/ObjectLoader.js:162})
5e112c94ee7eebaa11eec558586fcf5eda1ec3f9 MOVE,{Function setTexturePath at src/Three.Legacy.js:473},{Function setTexturePath at src/loaders/ObjectLoader.js:978})
f96383799a6ac04b4563148e32c30472eca50685 INLINE,{Function setPluginCallbacks at examples/jsm/loaders/GLTFLoader.js:1522},{Function parse at examples/jsm/loaders/GLTFLoader.js:204})
f96383799a6ac04b4563148e32c30472eca50685 INLINE,{Function setPluginCallbacks at examples/js/loaders/GLTFLoader.js:1458},{Function parse at examples/jsm/loaders/GLTFLoader.js:204})
f96383799a6ac04b4563148e32c30472eca50685 INLINE,{Function setPluginCallbacks at examples/js/loaders/GLTFLoader.js:1458},{Function parse at examples/js/loaders/GLTFLoader.js:140})
74fedc22abce56e04336c2348044fd420084fff5,RENAME,{Function setPlugins at examples/js/loaders/GLTFLoader.js:1458},{Function setPluginCallbacks at examples/js/loaders/GLTFLoader.js:1458})
74fedc22abce56e04336c2348044fd420084fff5,RENAME,{Function setPlugins at examples/jsm/loaders/GLTFLoader.js:1522},{Function setPluginCallbacks at examples/jsm/loaders/GLTFLoader.js:1522})
dc390fc70c2d213256de3d283a87f5238f0c742b,EXTRACT,{Function loadMaterial at examples/js/loaders/GLTFLoader.js:2101},{Function getMaterialType at examples/js/loaders/GLTFLoader.js:2187})
dc390fc70c2d213256de3d283a87f5238f0c742b,EXTRACT,{Function loadMaterial at examples/jsm/loaders/GLTFLoader.js:2165},{Function getMaterialType at examples/jsm/loaders/GLTFLoader.js:2251})
dc390fc70c2d213256de3d283a87f5238f0c742b,RENAME,{Function extendParams at examples/jsm/loaders/GLTFLoader.js:497},{Function extendMaterialParams at examples/jsm/loaders/GLTFLoader.js:517})
dc390fc70c2d213256de3d283a87f5238f0c742b,EXTRACT_MOVE,{Function loadMaterial at examples/jsm/loaders/GLTFLoader.js:2165},{Function getMaterialType at examples/js/loaders/GLTFLoader.js:2187})
dc390fc70c2d213256de3d283a87f5238f0c742b,RENAME,{Function extendParams at examples/js/loaders/GLTFLoader.js:433},{Function extendMaterialParams at examples/js/loaders/GLTFLoader.js:453})
328db1569398b5a1ce8fcfa4e7dc7a27204bb63b MOVE,{Function setRequestHeader at src/loaders/FileLoader.js:306},{Function setRequestHeader at src/loaders/Loader.js:45})
fe2533d7007c52bb4962598f3ec21c2ea6a02b6e MOVE,{Function enableAttribute at src/renderers/webgl/WebGLState.js:418},{Function enableAttribute at src/renderers/webgl/WebGLBindingStates.js:234})
fe2533d7007c52bb4962598f3ec21c2ea6a02b6e MOVE,{Function setupVertexAttributes at src/renderers/WebGLRenderer.js:878},{Function setupVertexAttributes at src/renderers/webgl/WebGLBindingStates.js:284})
fe2533d7007c52bb4962598f3ec21c2ea6a02b6e MOVE,{Function disableUnusedAttributes at src/renderers/webgl/WebGLState.js:446},{Function disableUnusedAttributes at src/renderers/webgl/WebGLBindingStates.js:266})
fe2533d7007c52bb4962598f3ec21c2ea6a02b6e MOVE,{Function enableAttributeAndDivisor at src/renderers/webgl/WebGLState.js:424},{Function enableAttributeAndDivisor at src/renderers/webgl/WebGLBindingStates.js:240})
