19c18ebb20599316e3c027f620e373ee3172b383,INTERNAL_MOVE,{Function _onStop at src/actions/parallel.js:10},{Function _onStop at src/actions/parallel.js:28})
19c18ebb20599316e3c027f620e373ee3172b383,EXTRACT_MOVE,{Function updateActionWithTouches at src/actions/touches.js:42},{Function getAction at src/actions/parallel.js:54})
37d7e69ef018e9a3c8185ea989d6332a5ddf3b65,RENAME,{Function flow at dist/popmotion.global.js:624},{Function pipe at dist/popmotion.global.js:817})
d7825c76d007d0096e0e393bc63d31f602a9b938,RENAME,{Function onPreRender at dist/popmotion.global.js:346},{Function willRender at dist/popmotion.global.js:356})
d7825c76d007d0096e0e393bc63d31f602a9b938,RENAME,{Function onPreRender at src/actor/Actor.js:28},{Function willRender at src/actor/Actor.js:28})
bbd45343234451d839652b3e79241f8474ec7885,INTERNAL_MOVE,{Function onUpdate at popmotion.global.js:4160},{Function onUpdate at popmotion.global.js:1652})
bbd45343234451d839652b3e79241f8474ec7885,INTERNAL_MOVE,{Function _loop at popmotion.global.js:1877},{Function _loop at popmotion.global.js:3839})
c494d5ecd43186f3b6e62ae83508dd3e3164a537,INTERNAL_MOVE,{Function onUpdate at popmotion.global.js:1645},{Function onUpdate at popmotion.global.js:4268})
c494d5ecd43186f3b6e62ae83508dd3e3164a537,INTERNAL_MOVE,{Function _loop at popmotion.global.js:4065},{Function _loop at popmotion.global.js:1896})
9ffd0a61b99421b4542ac5ae72940d9d767d6f80,INTERNAL_MOVE,{Function onUpdate at popmotion.global.js:4179},{Function onUpdate at popmotion.global.js:1645})
9ffd0a61b99421b4542ac5ae72940d9d767d6f80,INTERNAL_MOVE,{Function _loop at popmotion.global.js:1896},{Function _loop at popmotion.global.js:3850})
52c0fe4ca6686f5718a888f06e0bde6a1a7ca85b,EXTRACT,{Function exports at popmotion.global.js:852},{Function camelToDash at popmotion.global.js:47})
52c0fe4ca6686f5718a888f06e0bde6a1a7ca85b,EXTRACT_MOVE,{Function exports at src/roles/svg/build.js:8},{Function camelToDash at src/inc/utils.js:22})
52c0fe4ca6686f5718a888f06e0bde6a1a7ca85b,EXTRACT_MOVE,{Function exports at lib/roles/svg/build.js:10},{Function camelToDash at lib/inc/utils.js:27})
52c0fe4ca6686f5718a888f06e0bde6a1a7ca85b,EXTRACT_MOVE,{Function exports at popmotion.global.js:852},{Function camelToDash at lib/inc/utils.js:27})
52c0fe4ca6686f5718a888f06e0bde6a1a7ca85b,EXTRACT_MOVE,{Function exports at src/roles/svg/build.js:8},{Function camelToDash at lib/inc/utils.js:27})
52c0fe4ca6686f5718a888f06e0bde6a1a7ca85b,EXTRACT_MOVE,{Function exports at src/roles/svg/build.js:8},{Function camelToDash at popmotion.global.js:47})
95ee769a09ebbaaf3d7b1ca8c528f6c5122481b5,RENAME,{Function value at popmotion.global.js:2662},{Function reverse at popmotion.global.js:2615})
95ee769a09ebbaaf3d7b1ca8c528f6c5122481b5,RENAME,{Function value at popmotion.global.js:4246},{Function eachIntoNew at popmotion.global.js:4055})
95ee769a09ebbaaf3d7b1ca8c528f6c5122481b5,RENAME,{Function value at lib/actions/tween/TweenControls.js:36},{Function seek at lib/actions/tween/TweenControls.js:30})
95ee769a09ebbaaf3d7b1ca8c528f6c5122481b5,RENAME,{Function value at lib/actions/Track.js:84},{Function bindInput at lib/actions/Track.js:72})
95ee769a09ebbaaf3d7b1ca8c528f6c5122481b5,RENAME,{Function value at popmotion.global.js:4223},{Function add at popmotion.global.js:4035})
95ee769a09ebbaaf3d7b1ca8c528f6c5122481b5,RENAME,{Function value at popmotion.global.js:4114},{Function getAction at popmotion.global.js:3933})
95ee769a09ebbaaf3d7b1ca8c528f6c5122481b5,RENAME,{Function value at lib/controls/Controls.js:56},{Function then at lib/controls/Controls.js:47})
95ee769a09ebbaaf3d7b1ca8c528f6c5122481b5,RENAME,{Function value at lib/actor/Actor.js:225},{Function toggle at lib/actor/Actor.js:213})
95ee769a09ebbaaf3d7b1ca8c528f6c5122481b5,RENAME,{Function value at lib/actor/Actor.js:415},{Function updateOrder at lib/actor/Actor.js:383})
95ee769a09ebbaaf3d7b1ca8c528f6c5122481b5,RENAME,{Function value at lib/sequence/Sequence.js:144},{Function clear at lib/sequence/Sequence.js:132})
95ee769a09ebbaaf3d7b1ca8c528f6c5122481b5,RENAME,{Function value at popmotion.global.js:2434},{Function then at popmotion.global.js:2414})
95ee769a09ebbaaf3d7b1ca8c528f6c5122481b5,RENAME,{Function value at popmotion.global.js:2416},{Function pause at popmotion.global.js:2399})
95ee769a09ebbaaf3d7b1ca8c528f6c5122481b5,RENAME,{Function value at popmotion.global.js:4639},{Function getDefaultValue at popmotion.global.js:4422})
95ee769a09ebbaaf3d7b1ca8c528f6c5122481b5,RENAME,{Function value at lib/controls/Controls.js:50},{Function toggle at lib/controls/Controls.js:42})
95ee769a09ebbaaf3d7b1ca8c528f6c5122481b5,RENAME,{Function value at popmotion.global.js:3474},{Function process at popmotion.global.js:3323})
95ee769a09ebbaaf3d7b1ca8c528f6c5122481b5,RENAME,{Function value at popmotion.global.js:4262},{Function stagger at popmotion.global.js:4070})
95ee769a09ebbaaf3d7b1ca8c528f6c5122481b5,RENAME,{Function value at popmotion.global.js:3361},{Function clear at popmotion.global.js:3219})
95ee769a09ebbaaf3d7b1ca8c528f6c5122481b5,RENAME,{Function value at lib/actions/Watch.js:84},{Function process at lib/actions/Watch.js:76})
95ee769a09ebbaaf3d7b1ca8c528f6c5122481b5,RENAME,{Function value at lib/actions/Action.js:68},{Function process at lib/actions/Action.js:63})
95ee769a09ebbaaf3d7b1ca8c528f6c5122481b5,RENAME,{Function value at popmotion.global.js:1570},{Function getPrevious at popmotion.global.js:1562})
95ee769a09ebbaaf3d7b1ca8c528f6c5122481b5,RENAME,{Function value at popmotion.global.js:4735},{Function limit at popmotion.global.js:4510})
95ee769a09ebbaaf3d7b1ca8c528f6c5122481b5,RENAME,{Function value at lib/inc/History.js:54},{Function get at lib/inc/History.js:48})
95ee769a09ebbaaf3d7b1ca8c528f6c5122481b5,RENAME,{Function value at lib/actor/Actor.js:190},{Function resume at lib/actor/Actor.js:182})
95ee769a09ebbaaf3d7b1ca8c528f6c5122481b5,RENAME,{Function value at popmotion.global.js:3965},{Function then at popmotion.global.js:3797})
95ee769a09ebbaaf3d7b1ca8c528f6c5122481b5,RENAME,{Function value at lib/actions/Tween.js:74},{Function getDefaultValue at lib/actions/Tween.js:68})
95ee769a09ebbaaf3d7b1ca8c528f6c5122481b5,RENAME,{Function value at popmotion.global.js:4679},{Function onStart at popmotion.global.js:4460})
95ee769a09ebbaaf3d7b1ca8c528f6c5122481b5,RENAME,{Function value at popmotion.global.js:2542},{Function limit at popmotion.global.js:2512})
95ee769a09ebbaaf3d7b1ca8c528f6c5122481b5,RENAME,{Function value at popmotion.global.js:4098},{Function unbindAction at popmotion.global.js:3918})
95ee769a09ebbaaf3d7b1ca8c528f6c5122481b5,RENAME,{Function value at popmotion.global.js:4119},{Function hasAction at popmotion.global.js:3937})
95ee769a09ebbaaf3d7b1ca8c528f6c5122481b5,RENAME,{Function value at popmotion.global.js:2523},{Function process at popmotion.global.js:2496})
95ee769a09ebbaaf3d7b1ca8c528f6c5122481b5,RENAME,{Function value at lib/actor/Actor.js:207},{Function stop at lib/actor/Actor.js:197})
95ee769a09ebbaaf3d7b1ca8c528f6c5122481b5,RENAME,{Function value at popmotion.global.js:2728},{Function getControls at popmotion.global.js:2677})
95ee769a09ebbaaf3d7b1ca8c528f6c5122481b5,RENAME,{Function value at lib/actions/Simulate.js:126},{Function hasEnded at lib/actions/Simulate.js:111})
95ee769a09ebbaaf3d7b1ca8c528f6c5122481b5,RENAME,{Function value at lib/actions/Track.js:32},{Function onFrameStart at lib/actions/Track.js:26})
95ee769a09ebbaaf3d7b1ca8c528f6c5122481b5,RENAME,{Function value at lib/actions/Action.js:134},{Function getPlayable at lib/actions/Action.js:119})
95ee769a09ebbaaf3d7b1ca8c528f6c5122481b5,RENAME,{Function value at lib/iterator/Iterator.js:60},{Function each at lib/iterator/Iterator.js:54})
95ee769a09ebbaaf3d7b1ca8c528f6c5122481b5,RENAME,{Function value at lib/actions/Track.js:90},{Function getDefaultValue at lib/actions/Track.js:77})
95ee769a09ebbaaf3d7b1ca8c528f6c5122481b5,RENAME,{Function value at lib/actions/Track.js:68},{Function hasEnded at lib/actions/Track.js:58})
95ee769a09ebbaaf3d7b1ca8c528f6c5122481b5,EXTRACT,{Function get at popmotion.global.js:4152},{Function get at popmotion.global.js:3968})
95ee769a09ebbaaf3d7b1ca8c528f6c5122481b5,RENAME,{Function value at popmotion.global.js:2442},{Function bindAction at popmotion.global.js:2421})
95ee769a09ebbaaf3d7b1ca8c528f6c5122481b5,RENAME,{Function value at lib/actions/Tween.js:154},{Function hasEnded at lib/actions/Tween.js:141})
95ee769a09ebbaaf3d7b1ca8c528f6c5122481b5,RENAME,{Function value at lib/sequence/Sequence.js:124},{Function start at lib/sequence/Sequence.js:114})
95ee769a09ebbaaf3d7b1ca8c528f6c5122481b5,RENAME,{Function value at lib/controls/Controls.js:30},{Function stop at lib/controls/Controls.js:25})
95ee769a09ebbaaf3d7b1ca8c528f6c5122481b5,RENAME,{Function value at popmotion.global.js:2865},{Function flipValues at popmotion.global.js:2803})
95ee769a09ebbaaf3d7b1ca8c528f6c5122481b5,RENAME,{Function value at popmotion.global.js:4453},{Function then at popmotion.global.js:4249})
95ee769a09ebbaaf3d7b1ca8c528f6c5122481b5,RENAME,{Function value at popmotion.global.js:2422},{Function resume at popmotion.global.js:2404})
95ee769a09ebbaaf3d7b1ca8c528f6c5122481b5,RENAME,{Function value at lib/controls/Controls.js:38},{Function pause at lib/controls/Controls.js:32})
95ee769a09ebbaaf3d7b1ca8c528f6c5122481b5,RENAME,{Function value at lib/inc/Queue.js:30},{Function next at lib/inc/Queue.js:24})
95ee769a09ebbaaf3d7b1ca8c528f6c5122481b5,RENAME,{Function value at popmotion.global.js:2733},{Function getDefaultProps at popmotion.global.js:2681})
95ee769a09ebbaaf3d7b1ca8c528f6c5122481b5,RENAME,{Function value at popmotion.global.js:4904},{Function process at popmotion.global.js:4670})
95ee769a09ebbaaf3d7b1ca8c528f6c5122481b5,RENAME,{Function value at popmotion.global.js:3908},{Function resume at popmotion.global.js:3748})
95ee769a09ebbaaf3d7b1ca8c528f6c5122481b5,RENAME,{Function value at lib/actions/Simulate.js:48},{Function getDefaultValue at lib/actions/Simulate.js:39})
95ee769a09ebbaaf3d7b1ca8c528f6c5122481b5,RENAME,{Function value at popmotion.global.js:3325},{Function add at popmotion.global.js:3187})
95ee769a09ebbaaf3d7b1ca8c528f6c5122481b5,RENAME,{Function value at lib/iterator/Iterator.js:54},{Function clear at lib/iterator/Iterator.js:49})
95ee769a09ebbaaf3d7b1ca8c528f6c5122481b5,RENAME,{Function value at popmotion.global.js:4461},{Function start at popmotion.global.js:4256})
95ee769a09ebbaaf3d7b1ca8c528f6c5122481b5,RENAME,{Function value at lib/inc/History.js:38},{Function add at lib/inc/History.js:34})
95ee769a09ebbaaf3d7b1ca8c528f6c5122481b5,RENAME,{Function value at lib/actions/Tween.js:191},{Function flipValues at lib/actions/Tween.js:176})
95ee769a09ebbaaf3d7b1ca8c528f6c5122481b5,RENAME,{Function value at popmotion.global.js:2569},{Function getSet at popmotion.global.js:2534})
95ee769a09ebbaaf3d7b1ca8c528f6c5122481b5,RENAME,{Function value at popmotion.global.js:4411},{Function do at popmotion.global.js:4210})
95ee769a09ebbaaf3d7b1ca8c528f6c5122481b5,RENAME,{Function value at popmotion.global.js:1582},{Function getSize at popmotion.global.js:1572})
95ee769a09ebbaaf3d7b1ca8c528f6c5122481b5,RENAME,{Function value at lib/inc/Queue.js:20},{Function add at lib/inc/Queue.js:16})
95ee769a09ebbaaf3d7b1ca8c528f6c5122481b5,RENAME,{Function value at lib/actions/Tween.js:54},{Function getControls at lib/actions/Tween.js:50})
95ee769a09ebbaaf3d7b1ca8c528f6c5122481b5,RENAME,{Function value at lib/actions/Simulate.js:104},{Function process at lib/actions/Simulate.js:91})
95ee769a09ebbaaf3d7b1ca8c528f6c5122481b5,RENAME,{Function value at popmotion.global.js:3925},{Function stop at popmotion.global.js:3763})
95ee769a09ebbaaf3d7b1ca8c528f6c5122481b5,RENAME,{Function value at lib/actor/Actor.js:396},{Function getAction at lib/actor/Actor.js:367})
95ee769a09ebbaaf3d7b1ca8c528f6c5122481b5,RENAME,{Function value at lib/actions/Action.js:82},{Function hasEnded at lib/actions/Action.js:75})
95ee769a09ebbaaf3d7b1ca8c528f6c5122481b5,RENAME,{Function value at lib/actor/Actor.js:366},{Function bindAction at lib/actor/Actor.js:339})
95ee769a09ebbaaf3d7b1ca8c528f6c5122481b5,RENAME,{Function value at lib/actions/Track.js:73},{Function deactivate at lib/actions/Track.js:62})
95ee769a09ebbaaf3d7b1ca8c528f6c5122481b5,RENAME,{Function value at lib/actor/Actor.js:316},{Function autoAssignRoles at lib/actor/Actor.js:294})
95ee769a09ebbaaf3d7b1ca8c528f6c5122481b5,MOVE,{Function createMapper at src/actor/actor-process.js:10},{Function createMapper at lib/actor/render.js:6})
95ee769a09ebbaaf3d7b1ca8c528f6c5122481b5,RENAME,{Function value at lib/actions/Tween.js:119},{Function process at lib/actions/Tween.js:108})
95ee769a09ebbaaf3d7b1ca8c528f6c5122481b5,RENAME,{Function value at popmotion.global.js:2668},{Function seek at popmotion.global.js:2620})
95ee769a09ebbaaf3d7b1ca8c528f6c5122481b5,RENAME,{Function value at popmotion.global.js:4632},{Function getDefaultProps at popmotion.global.js:4416})
95ee769a09ebbaaf3d7b1ca8c528f6c5122481b5,RENAME,{Function value at popmotion.global.js:2828},{Function hasEnded at popmotion.global.js:2768})
95ee769a09ebbaaf3d7b1ca8c528f6c5122481b5,RENAME,{Function value at popmotion.global.js:4235},{Function each at popmotion.global.js:4045})
95ee769a09ebbaaf3d7b1ca8c528f6c5122481b5,RENAME,{Function value at lib/actor/Actor.js:236},{Function sync at lib/actor/Actor.js:222})
95ee769a09ebbaaf3d7b1ca8c528f6c5122481b5,RENAME,{Function value at popmotion.global.js:4717},{Function hasEnded at popmotion.global.js:4494})
95ee769a09ebbaaf3d7b1ca8c528f6c5122481b5,RENAME,{Function value at popmotion.global.js:2845},{Function checkNextStep at popmotion.global.js:2784})
95ee769a09ebbaaf3d7b1ca8c528f6c5122481b5,RENAME,{Function value at lib/actions/Tween.js:59},{Function getDefaultProps at lib/actions/Tween.js:54})
95ee769a09ebbaaf3d7b1ca8c528f6c5122481b5,RENAME,{Function value at lib/actions/Tween.js:100},{Function onFrameStart at lib/actions/Tween.js:91})
95ee769a09ebbaaf3d7b1ca8c528f6c5122481b5,RENAME,{Function value at popmotion.global.js:4476},{Function onStart at popmotion.global.js:4270})
95ee769a09ebbaaf3d7b1ca8c528f6c5122481b5,RENAME,{Function value at popmotion.global.js:2656},{Function restart at popmotion.global.js:2610})
95ee769a09ebbaaf3d7b1ca8c528f6c5122481b5,RENAME,{Function value at popmotion.global.js:2793},{Function process at popmotion.global.js:2735})
95ee769a09ebbaaf3d7b1ca8c528f6c5122481b5,RENAME,{Function value at popmotion.global.js:2883},{Function reverse at popmotion.global.js:2820})
95ee769a09ebbaaf3d7b1ca8c528f6c5122481b5,RENAME,{Function value at lib/actor/Actor.js:247},{Function then at lib/actor/Actor.js:231})
95ee769a09ebbaaf3d7b1ca8c528f6c5122481b5,RENAME,{Function value at popmotion.global.js:4004},{Function assignRoles at popmotion.global.js:3832})
95ee769a09ebbaaf3d7b1ca8c528f6c5122481b5,RENAME,{Function value at lib/controls/Controls.js:22},{Function start at lib/controls/Controls.js:18})
95ee769a09ebbaaf3d7b1ca8c528f6c5122481b5,RENAME,{Function value at lib/actor/Actor.js:338},{Function initRoles at lib/actor/Actor.js:314})
95ee769a09ebbaaf3d7b1ca8c528f6c5122481b5,RENAME,{Function value at lib/sequence/Sequence.js:74},{Function do at lib/sequence/Sequence.js:68})
95ee769a09ebbaaf3d7b1ca8c528f6c5122481b5,RENAME,{Function value at popmotion.global.js:4316},{Function reverse at popmotion.global.js:4122})
95ee769a09ebbaaf3d7b1ca8c528f6c5122481b5,RENAME,{Function value at lib/controls/Controls.js:44},{Function resume at lib/controls/Controls.js:37})
95ee769a09ebbaaf3d7b1ca8c528f6c5122481b5,RENAME,{Function value at popmotion.global.js:4946},{Function getDefaultValue at popmotion.global.js:4707})
95ee769a09ebbaaf3d7b1ca8c528f6c5122481b5,RENAME,{Function value at popmotion.global.js:4133},{Function updateOrder at popmotion.global.js:3949})
95ee769a09ebbaaf3d7b1ca8c528f6c5122481b5,RENAME,{Function value at popmotion.global.js:4084},{Function bindAction at popmotion.global.js:3905})
95ee769a09ebbaaf3d7b1ca8c528f6c5122481b5,RENAME,{Function value at lib/actions/Action.js:139},{Function activate at lib/actions/Action.js:123})
95ee769a09ebbaaf3d7b1ca8c528f6c5122481b5,RENAME,{Function value at lib/controls/Controls.js:64},{Function bindAction at lib/controls/Controls.js:54})
95ee769a09ebbaaf3d7b1ca8c528f6c5122481b5,RENAME,{Function value at lib/actions/Track.js:48},{Function process at lib/actions/Track.js:40})
95ee769a09ebbaaf3d7b1ca8c528f6c5122481b5,RENAME,{Function value at popmotion.global.js:2888},{Function restart at popmotion.global.js:2824})
95ee769a09ebbaaf3d7b1ca8c528f6c5122481b5,RENAME,{Function value at popmotion.global.js:4695},{Function process at popmotion.global.js:4474})
95ee769a09ebbaaf3d7b1ca8c528f6c5122481b5,RENAME,{Function value at popmotion.global.js:4056},{Function initRoles at popmotion.global.js:3880})
95ee769a09ebbaaf3d7b1ca8c528f6c5122481b5,RENAME,{Function value at popmotion.global.js:3841},{Function start at popmotion.global.js:3685})
95ee769a09ebbaaf3d7b1ca8c528f6c5122481b5,RENAME,{Function value at lib/actions/Action.js:129},{Function extend at lib/actions/Action.js:115})
95ee769a09ebbaaf3d7b1ca8c528f6c5122481b5,RENAME,{Function value at lib/actor/Actor.js:258},{Function next at lib/actor/Actor.js:240})
95ee769a09ebbaaf3d7b1ca8c528f6c5122481b5,RENAME,{Function value at popmotion.global.js:3954},{Function sync at popmotion.global.js:3788})
95ee769a09ebbaaf3d7b1ca8c528f6c5122481b5,RENAME,{Function value at lib/inc/History.js:80},{Function getSize at lib/inc/History.js:70})
95ee769a09ebbaaf3d7b1ca8c528f6c5122481b5,RENAME,{Function value at lib/iterator/Iterator.js:48},{Function add at lib/iterator/Iterator.js:44})
95ee769a09ebbaaf3d7b1ca8c528f6c5122481b5,RENAME,{Function value at popmotion.global.js:2428},{Function toggle at popmotion.global.js:2409})
95ee769a09ebbaaf3d7b1ca8c528f6c5122481b5,RENAME,{Function value at lib/actor/Actor.js:380},{Function unbindAction at lib/actor/Actor.js:352})
95ee769a09ebbaaf3d7b1ca8c528f6c5122481b5,RENAME,{Function value at popmotion.global.js:4940},{Function bindInput at popmotion.global.js:4702})
95ee769a09ebbaaf3d7b1ca8c528f6c5122481b5,RENAME,{Function value at lib/sequence/Sequence.js:105},{Function at at lib/sequence/Sequence.js:97})
95ee769a09ebbaaf3d7b1ca8c528f6c5122481b5,RENAME,{Function value at lib/actions/Action.js:31},{Function set at lib/actions/Action.js:27})
95ee769a09ebbaaf3d7b1ca8c528f6c5122481b5,RENAME,{Function value at popmotion.global.js:4481},{Function clear at popmotion.global.js:4274})
95ee769a09ebbaaf3d7b1ca8c528f6c5122481b5,RENAME,{Function value at lib/inc/Queue.js:56},{Function clear at lib/inc/Queue.js:48})
95ee769a09ebbaaf3d7b1ca8c528f6c5122481b5,RENAME,{Function value at popmotion.global.js:3335},{Function next at popmotion.global.js:3195})
95ee769a09ebbaaf3d7b1ca8c528f6c5122481b5,MOVE,{Function checkAllActionsHaveEnded at src/actor/actor-process.js:23},{Function checkAllActionsHaveEnded at lib/actor/post-render.js:12})
95ee769a09ebbaaf3d7b1ca8c528f6c5122481b5,RENAME,{Function value at lib/actions/Tween.js:171},{Function checkNextStep at lib/actions/Tween.js:157})
95ee769a09ebbaaf3d7b1ca8c528f6c5122481b5,RENAME,{Function value at lib/sequence/Sequence.js:116},{Function then at lib/sequence/Sequence.js:107})
95ee769a09ebbaaf3d7b1ca8c528f6c5122481b5,RENAME,{Function value at lib/actions/Simulate.js:83},{Function getDefaultValueProp at lib/actions/Simulate.js:73})
95ee769a09ebbaaf3d7b1ca8c528f6c5122481b5,RENAME,{Function value at popmotion.global.js:3826},{Function controls at popmotion.global.js:3672})
95ee769a09ebbaaf3d7b1ca8c528f6c5122481b5,RENAME,{Function value at lib/actions/Action.js:94},{Function getControls at lib/actions/Action.js:85})
95ee769a09ebbaaf3d7b1ca8c528f6c5122481b5,RENAME,{Function value at popmotion.global.js:4229},{Function clear at popmotion.global.js:4040})
95ee769a09ebbaaf3d7b1ca8c528f6c5122481b5,RENAME,{Function value at lib/actions/Tween.js:209},{Function reverse at lib/actions/Tween.js:193})
95ee769a09ebbaaf3d7b1ca8c528f6c5122481b5,RENAME,{Function value at lib/iterator/Iterator.js:87},{Function stagger at lib/iterator/Iterator.js:79})
95ee769a09ebbaaf3d7b1ca8c528f6c5122481b5,RENAME,{Function value at lib/actions/Tween.js:214},{Function restart at lib/actions/Tween.js:197})
95ee769a09ebbaaf3d7b1ca8c528f6c5122481b5,RENAME,{Function value at popmotion.global.js:4034},{Function autoAssignRoles at popmotion.global.js:3860})
95ee769a09ebbaaf3d7b1ca8c528f6c5122481b5,RENAME,{Function value at lib/actions/Simulate.js:41},{Function getDefaultProps at lib/actions/Simulate.js:33})
95ee769a09ebbaaf3d7b1ca8c528f6c5122481b5,RENAME,{Function value at lib/actions/Simulate.js:144},{Function limit at lib/actions/Simulate.js:127})
95ee769a09ebbaaf3d7b1ca8c528f6c5122481b5,RENAME,{Function value at lib/actions/tween/TweenControls.js:30},{Function reverse at lib/actions/tween/TweenControls.js:25})
95ee769a09ebbaaf3d7b1ca8c528f6c5122481b5,RENAME,{Function value at popmotion.global.js:2584},{Function extend at popmotion.global.js:2548})
95ee769a09ebbaaf3d7b1ca8c528f6c5122481b5,RENAME,{Function value at popmotion.global.js:2748},{Function getDefaultValue at popmotion.global.js:2695})
95ee769a09ebbaaf3d7b1ca8c528f6c5122481b5,RENAME,{Function value at lib/actions/Action.js:114},{Function getSet at lib/actions/Action.js:101})
95ee769a09ebbaaf3d7b1ca8c528f6c5122481b5,RENAME,{Function value at lib/actor/Actor.js:173},{Function pause at lib/actor/Actor.js:167})
95ee769a09ebbaaf3d7b1ca8c528f6c5122481b5,RENAME,{Function value at lib/iterator/Iterator.js:71},{Function eachIntoNew at lib/iterator/Iterator.js:64})
95ee769a09ebbaaf3d7b1ca8c528f6c5122481b5,RENAME,{Function value at lib/actor/Actor.js:123},{Function start at lib/actor/Actor.js:119})
95ee769a09ebbaaf3d7b1ca8c528f6c5122481b5,RENAME,{Function value at lib/actor/Actor.js:108},{Function controls at lib/actor/Actor.js:106})
95ee769a09ebbaaf3d7b1ca8c528f6c5122481b5,RENAME,{Function value at popmotion.global.js:4888},{Function onFrameStart at popmotion.global.js:4656})
95ee769a09ebbaaf3d7b1ca8c528f6c5122481b5,RENAME,{Function value at popmotion.global.js:3943},{Function toggle at popmotion.global.js:3779})
95ee769a09ebbaaf3d7b1ca8c528f6c5122481b5,RENAME,{Function value at popmotion.global.js:3891},{Function pause at popmotion.global.js:3733})
95ee769a09ebbaaf3d7b1ca8c528f6c5122481b5,RENAME,{Function value at lib/actions/Action.js:87},{Function limit at lib/actions/Action.js:79})
95ee769a09ebbaaf3d7b1ca8c528f6c5122481b5,RENAME,{Function value at lib/inc/History.js:68},{Function getPrevious at lib/inc/History.js:60})
95ee769a09ebbaaf3d7b1ca8c528f6c5122481b5,RENAME,{Function value at lib/actions/Action.js:145},{Function deactivate at lib/actions/Action.js:128})
95ee769a09ebbaaf3d7b1ca8c528f6c5122481b5,RENAME,{Function value at lib/iterator/Iterator.js:141},{Function reverse at lib/iterator/Iterator.js:131})
95ee769a09ebbaaf3d7b1ca8c528f6c5122481b5,RENAME,{Function value at popmotion.global.js:4929},{Function deactivate at popmotion.global.js:4692})
95ee769a09ebbaaf3d7b1ca8c528f6c5122481b5,RENAME,{Function value at lib/actions/tween/TweenControls.js:24},{Function restart at lib/actions/tween/TweenControls.js:20})
95ee769a09ebbaaf3d7b1ca8c528f6c5122481b5,RENAME,{Function value at popmotion.global.js:3790},{Function set at popmotion.global.js:3638})
95ee769a09ebbaaf3d7b1ca8c528f6c5122481b5,RENAME,{Function value at popmotion.global.js:1540},{Function add at popmotion.global.js:1536})
95ee769a09ebbaaf3d7b1ca8c528f6c5122481b5,RENAME,{Function value at lib/sequence/Sequence.js:90},{Function stagger at lib/sequence/Sequence.js:83})
95ee769a09ebbaaf3d7b1ca8c528f6c5122481b5,RENAME,{Function value at lib/sequence/Sequence.js:139},{Function onStart at lib/sequence/Sequence.js:128})
95ee769a09ebbaaf3d7b1ca8c528f6c5122481b5,RENAME,{Function value at popmotion.global.js:4427},{Function stagger at popmotion.global.js:4225})
95ee769a09ebbaaf3d7b1ca8c528f6c5122481b5,RENAME,{Function value at popmotion.global.js:3976},{Function next at popmotion.global.js:3806})
95ee769a09ebbaaf3d7b1ca8c528f6c5122481b5,RENAME,{Function value at lib/actor/Actor.js:286},{Function assignRoles at lib/actor/Actor.js:266})
95ee769a09ebbaaf3d7b1ca8c528f6c5122481b5,RENAME,{Function value at popmotion.global.js:2774},{Function onFrameStart at popmotion.global.js:2718})
95ee769a09ebbaaf3d7b1ca8c528f6c5122481b5,RENAME,{Function value at popmotion.global.js:4442},{Function at at popmotion.global.js:4239})
95ee769a09ebbaaf3d7b1ca8c528f6c5122481b5,RENAME,{Function value at lib/actor/Actor.js:350},{Function activate at lib/actor/Actor.js:325})
95ee769a09ebbaaf3d7b1ca8c528f6c5122481b5,RENAME,{Function value at popmotion.global.js:4068},{Function activate at popmotion.global.js:3891})
95ee769a09ebbaaf3d7b1ca8c528f6c5122481b5,RENAME,{Function value at lib/actions/Simulate.js:88},{Function onStart at lib/actions/Simulate.js:77})
95ee769a09ebbaaf3d7b1ca8c528f6c5122481b5,RENAME,{Function value at lib/actor/Actor.js:401},{Function hasAction at lib/actor/Actor.js:371})
4a52bb6c7fba3f87974421713927b932b7eb5270,RENAME,{Function value at lib/inc/History.js:66},{Function getPrevious at lib/inc/History.js:60})
4a52bb6c7fba3f87974421713927b932b7eb5270,RENAME,{Function value at lib/actor/Actor.js:373},{Function getAction at lib/actor/Actor.js:357})
4a52bb6c7fba3f87974421713927b932b7eb5270,RENAME,{Function value at lib/actions/Simulate.js:118},{Function hasEnded at lib/actions/Simulate.js:111})
4a52bb6c7fba3f87974421713927b932b7eb5270,RENAME,{Function value at lib/sequence/Sequence.js:122},{Function start at lib/sequence/Sequence.js:114})
4a52bb6c7fba3f87974421713927b932b7eb5270,RENAME,{Function value at lib/actor/Actor.js:391},{Function updateOrder at lib/actor/Actor.js:373})
4a52bb6c7fba3f87974421713927b932b7eb5270,RENAME,{Function value at lib/actions/Simulate.js:135},{Function limit at lib/actions/Simulate.js:127})
4a52bb6c7fba3f87974421713927b932b7eb5270,RENAME,{Function value at lib/actions/Action.js:31},{Function set at lib/actions/Action.js:27})
4a52bb6c7fba3f87974421713927b932b7eb5270,RENAME,{Function value at lib/actions/Action.js:128},{Function extend at lib/actions/Action.js:115})
4a52bb6c7fba3f87974421713927b932b7eb5270,RENAME,{Function value at lib/actions/Track.js:86},{Function getDefaultValue at lib/actions/Track.js:77})
4a52bb6c7fba3f87974421713927b932b7eb5270,RENAME,{Function value at lib/actions/Tween.js:54},{Function getControls at lib/actions/Tween.js:50})
4a52bb6c7fba3f87974421713927b932b7eb5270,RENAME,{Function value at lib/actor/Actor.js:378},{Function hasAction at lib/actor/Actor.js:361})
4a52bb6c7fba3f87974421713927b932b7eb5270,RENAME,{Function value at lib/actor/Actor.js:299},{Function autoAssignRoles at lib/actor/Actor.js:288})
4a52bb6c7fba3f87974421713927b932b7eb5270,RENAME,{Function value at lib/actions/Simulate.js:77},{Function getDefaultValueProp at lib/actions/Simulate.js:73})
4a52bb6c7fba3f87974421713927b932b7eb5270,RENAME,{Function value at lib/actions/Simulate.js:97},{Function process at lib/actions/Simulate.js:91})
4a52bb6c7fba3f87974421713927b932b7eb5270,RENAME,{Function value at lib/inc/History.js:38},{Function add at lib/inc/History.js:34})
4a52bb6c7fba3f87974421713927b932b7eb5270,RENAME,{Function value at lib/actions/Action.js:113},{Function getSet at lib/actions/Action.js:101})
4a52bb6c7fba3f87974421713927b932b7eb5270,RENAME,{Function value at lib/actions/tween/TweenControls.js:24},{Function restart at lib/actions/tween/TweenControls.js:20})
4a52bb6c7fba3f87974421713927b932b7eb5270,RENAME,{Function value at lib/actions/Track.js:69},{Function deactivate at lib/actions/Track.js:62})
4a52bb6c7fba3f87974421713927b932b7eb5270,RENAME,{Function value at lib/controls/Controls.js:50},{Function toggle at lib/controls/Controls.js:42})
4a52bb6c7fba3f87974421713927b932b7eb5270,RENAME,{Function value at lib/inc/Queue.js:54},{Function clear at lib/inc/Queue.js:48})
4a52bb6c7fba3f87974421713927b932b7eb5270,RENAME,{Function value at lib/actor/Actor.js:180},{Function resume at lib/actor/Actor.js:176})
4a52bb6c7fba3f87974421713927b932b7eb5270,RENAME,{Function value at lib/actions/Action.js:81},{Function hasEnded at lib/actions/Action.js:75})
4a52bb6c7fba3f87974421713927b932b7eb5270,RENAME,{Function value at lib/iterator/Iterator.js:48},{Function add at lib/iterator/Iterator.js:44})
4a52bb6c7fba3f87974421713927b932b7eb5270,RENAME,{Function value at lib/actor/Actor.js:233},{Function then at lib/actor/Actor.js:225})
4a52bb6c7fba3f87974421713927b932b7eb5270,RENAME,{Function value at lib/actions/Simulate.js:82},{Function onStart at lib/actions/Simulate.js:77})
4a52bb6c7fba3f87974421713927b932b7eb5270,INTERNAL_MOVE,{Function _loop at popmotion.global.js:3869},{Function _loop at popmotion.global.js:1818})
4a52bb6c7fba3f87974421713927b932b7eb5270,RENAME,{Function value at lib/actor/Actor.js:101},{Function controls at lib/actor/Actor.js:100})
4a52bb6c7fba3f87974421713927b932b7eb5270,RENAME,{Function value at lib/sequence/Sequence.js:103},{Function at at lib/sequence/Sequence.js:97})
4a52bb6c7fba3f87974421713927b932b7eb5270,RENAME,{Function value at lib/actions/Tween.js:59},{Function getDefaultProps at lib/actions/Tween.js:54})
4a52bb6c7fba3f87974421713927b932b7eb5270,RENAME,{Function value at lib/inc/Queue.js:20},{Function add at lib/inc/Queue.js:16})
4a52bb6c7fba3f87974421713927b932b7eb5270,RENAME,{Function value at lib/sequence/Sequence.js:88},{Function stagger at lib/sequence/Sequence.js:83})
4a52bb6c7fba3f87974421713927b932b7eb5270,RENAME,{Function value at lib/controls/Controls.js:44},{Function resume at lib/controls/Controls.js:37})
4a52bb6c7fba3f87974421713927b932b7eb5270,RENAME,{Function value at lib/iterator/Iterator.js:87},{Function stagger at lib/iterator/Iterator.js:79})
4a52bb6c7fba3f87974421713927b932b7eb5270,RENAME,{Function value at lib/actor/Actor.js:243},{Function next at lib/actor/Actor.js:234})
4a52bb6c7fba3f87974421713927b932b7eb5270,RENAME,{Function value at lib/sequence/Sequence.js:142},{Function clear at lib/sequence/Sequence.js:132})
4a52bb6c7fba3f87974421713927b932b7eb5270,RENAME,{Function value at lib/inc/History.js:53},{Function get at lib/inc/History.js:48})
4a52bb6c7fba3f87974421713927b932b7eb5270,RENAME,{Function value at lib/actor/Actor.js:320},{Function initRoles at lib/actor/Actor.js:308})
4a52bb6c7fba3f87974421713927b932b7eb5270,RENAME,{Function value at lib/actions/tween/TweenControls.js:30},{Function reverse at lib/actions/tween/TweenControls.js:25})
4a52bb6c7fba3f87974421713927b932b7eb5270,RENAME,{Function value at lib/actor/Actor.js:361},{Function unbindAction at lib/actor/Actor.js:346})
4a52bb6c7fba3f87974421713927b932b7eb5270,RENAME,{Function value at lib/actor/Actor.js:164},{Function pause at lib/actor/Actor.js:161})
4a52bb6c7fba3f87974421713927b932b7eb5270,RENAME,{Function value at lib/actor/Actor.js:196},{Function stop at lib/actor/Actor.js:191})
4a52bb6c7fba3f87974421713927b932b7eb5270,RENAME,{Function value at lib/controls/Controls.js:30},{Function stop at lib/controls/Controls.js:25})
4a52bb6c7fba3f87974421713927b932b7eb5270,RENAME,{Function value at lib/actor/Actor.js:213},{Function toggle at lib/actor/Actor.js:207})
4a52bb6c7fba3f87974421713927b932b7eb5270,RENAME,{Function value at lib/iterator/Iterator.js:71},{Function eachIntoNew at lib/iterator/Iterator.js:64})
4a52bb6c7fba3f87974421713927b932b7eb5270,RENAME,{Function value at lib/actor/Actor.js:115},{Function start at lib/actor/Actor.js:113})
4a52bb6c7fba3f87974421713927b932b7eb5270,RENAME,{Function value at lib/actions/Track.js:80},{Function bindInput at lib/actions/Track.js:72})
4a52bb6c7fba3f87974421713927b932b7eb5270,RENAME,{Function value at lib/actor/Actor.js:332},{Function activate at lib/actor/Actor.js:319})
4a52bb6c7fba3f87974421713927b932b7eb5270,RENAME,{Function value at lib/actions/Action.js:144},{Function deactivate at lib/actions/Action.js:128})
4a52bb6c7fba3f87974421713927b932b7eb5270,RENAME,{Function value at lib/sequence/Sequence.js:114},{Function then at lib/sequence/Sequence.js:107})
4a52bb6c7fba3f87974421713927b932b7eb5270,RENAME,{Function value at lib/actions/Tween.js:74},{Function getDefaultValue at lib/actions/Tween.js:68})
4a52bb6c7fba3f87974421713927b932b7eb5270,RENAME,{Function value at lib/actions/Track.js:30},{Function onFrameStart at lib/actions/Track.js:26})
4a52bb6c7fba3f87974421713927b932b7eb5270,RENAME,{Function value at lib/actions/Simulate.js:42},{Function getDefaultValue at lib/actions/Simulate.js:39})
4a52bb6c7fba3f87974421713927b932b7eb5270,RENAME,{Function value at lib/actions/Track.js:64},{Function hasEnded at lib/actions/Track.js:58})
4a52bb6c7fba3f87974421713927b932b7eb5270,RENAME,{Function value at lib/controls/Controls.js:22},{Function start at lib/controls/Controls.js:18})
4a52bb6c7fba3f87974421713927b932b7eb5270,RENAME,{Function value at lib/iterator/Iterator.js:54},{Function clear at lib/iterator/Iterator.js:49})
4a52bb6c7fba3f87974421713927b932b7eb5270,RENAME,{Function value at lib/actions/Action.js:68},{Function process at lib/actions/Action.js:63})
4a52bb6c7fba3f87974421713927b932b7eb5270,RENAME,{Function value at lib/controls/Controls.js:64},{Function bindAction at lib/controls/Controls.js:54})
4a52bb6c7fba3f87974421713927b932b7eb5270,RENAME,{Function value at lib/inc/Queue.js:29},{Function next at lib/inc/Queue.js:24})
4a52bb6c7fba3f87974421713927b932b7eb5270,RENAME,{Function value at lib/actions/Simulate.js:35},{Function getDefaultProps at lib/actions/Simulate.js:33})
4a52bb6c7fba3f87974421713927b932b7eb5270,RENAME,{Function value at lib/iterator/Iterator.js:60},{Function each at lib/iterator/Iterator.js:54})
4a52bb6c7fba3f87974421713927b932b7eb5270,RENAME,{Function value at lib/actor/Actor.js:223},{Function sync at lib/actor/Actor.js:216})
4a52bb6c7fba3f87974421713927b932b7eb5270,RENAME,{Function value at lib/actions/Tween.js:206},{Function reverse at lib/actions/Tween.js:193})
4a52bb6c7fba3f87974421713927b932b7eb5270,RENAME,{Function value at lib/actions/Tween.js:188},{Function flipValues at lib/actions/Tween.js:176})
4a52bb6c7fba3f87974421713927b932b7eb5270,RENAME,{Function value at lib/actions/Action.js:133},{Function getPlayable at lib/actions/Action.js:119})
4a52bb6c7fba3f87974421713927b932b7eb5270,RENAME,{Function value at lib/actions/Tween.js:99},{Function onFrameStart at lib/actions/Tween.js:91})
4a52bb6c7fba3f87974421713927b932b7eb5270,RENAME,{Function value at lib/iterator/Iterator.js:140},{Function reverse at lib/iterator/Iterator.js:131})
4a52bb6c7fba3f87974421713927b932b7eb5270,RENAME,{Function value at lib/actions/tween/TweenControls.js:36},{Function seek at lib/actions/tween/TweenControls.js:30})
4a52bb6c7fba3f87974421713927b932b7eb5270,RENAME,{Function value at lib/actions/Tween.js:168},{Function checkNextStep at lib/actions/Tween.js:157})
4a52bb6c7fba3f87974421713927b932b7eb5270,RENAME,{Function value at lib/actions/Action.js:86},{Function limit at lib/actions/Action.js:79})
4a52bb6c7fba3f87974421713927b932b7eb5270,RENAME,{Function value at lib/inc/History.js:77},{Function getSize at lib/inc/History.js:70})
4a52bb6c7fba3f87974421713927b932b7eb5270,RENAME,{Function value at lib/actions/Action.js:138},{Function activate at lib/actions/Action.js:123})
4a52bb6c7fba3f87974421713927b932b7eb5270,INTERNAL_MOVE,{Function onUpdate at popmotion.global.js:1598},{Function onUpdate at popmotion.global.js:4158})
4a52bb6c7fba3f87974421713927b932b7eb5270,RENAME,{Function value at lib/actions/Action.js:93},{Function getControls at lib/actions/Action.js:85})
4a52bb6c7fba3f87974421713927b932b7eb5270,RENAME,{Function value at lib/actions/Watch.js:76},{Function process at lib/actions/Watch.js:76})
4a52bb6c7fba3f87974421713927b932b7eb5270,RENAME,{Function value at lib/controls/Controls.js:38},{Function pause at lib/controls/Controls.js:32})
4a52bb6c7fba3f87974421713927b932b7eb5270,RENAME,{Function value at lib/controls/Controls.js:56},{Function then at lib/controls/Controls.js:47})
4a52bb6c7fba3f87974421713927b932b7eb5270,RENAME,{Function value at lib/sequence/Sequence.js:137},{Function onStart at lib/sequence/Sequence.js:128})
4a52bb6c7fba3f87974421713927b932b7eb5270,RENAME,{Function value at lib/actions/Tween.js:211},{Function restart at lib/actions/Tween.js:197})
4a52bb6c7fba3f87974421713927b932b7eb5270,RENAME,{Function value at lib/actor/Actor.js:270},{Function assignRoles at lib/actor/Actor.js:260})
4a52bb6c7fba3f87974421713927b932b7eb5270,RENAME,{Function value at lib/sequence/Sequence.js:72},{Function do at lib/sequence/Sequence.js:68})
4a52bb6c7fba3f87974421713927b932b7eb5270,RENAME,{Function value at lib/actions/Tween.js:117},{Function process at lib/actions/Tween.js:108})
4a52bb6c7fba3f87974421713927b932b7eb5270,RENAME,{Function value at lib/actions/Track.js:45},{Function process at lib/actions/Track.js:40})
4a52bb6c7fba3f87974421713927b932b7eb5270,RENAME,{Function value at lib/actions/Tween.js:151},{Function hasEnded at lib/actions/Tween.js:141})
4a52bb6c7fba3f87974421713927b932b7eb5270,RENAME,{Function value at lib/actor/Actor.js:347},{Function bindAction at lib/actor/Actor.js:333})
0beccbe28d83d59d60ba1c881d9c4c911b41985b,EXTRACT,{Function start at popmotion.global.js:5056},{Function start at popmotion.global.js:5105})
368f69aa19101822bb742180b0d09ff7f1c71ff8,INTERNAL_MOVE,{Function add at src/inc/Queue.js:12},{Function add at src/inc/Queue.js:9})
368f69aa19101822bb742180b0d09ff7f1c71ff8,INTERNAL_MOVE,{Function clear at src/inc/Queue.js:42},{Function clear at src/inc/Queue.js:37})
368f69aa19101822bb742180b0d09ff7f1c71ff8,RENAME,{Function getSize at lib/inc/History.js:62},{Function value at lib/inc/History.js:77})
368f69aa19101822bb742180b0d09ff7f1c71ff8,INTERNAL_MOVE,{Function get at src/inc/History.js:43},{Function get at src/inc/History.js:38})
368f69aa19101822bb742180b0d09ff7f1c71ff8,INTERNAL_MOVE,{Function getSize at src/inc/History.js:63},{Function getSize at src/inc/History.js:56})
368f69aa19101822bb742180b0d09ff7f1c71ff8,RENAME,{Function clear at lib/inc/Queue.js:42},{Function value at lib/inc/Queue.js:54})
368f69aa19101822bb742180b0d09ff7f1c71ff8,RENAME,{Function next at lib/inc/Queue.js:19},{Function value at lib/inc/Queue.js:29})
368f69aa19101822bb742180b0d09ff7f1c71ff8,RENAME,{Function add at lib/inc/Queue.js:12},{Function value at lib/inc/Queue.js:20})
368f69aa19101822bb742180b0d09ff7f1c71ff8,RENAME,{Function getPrevious at lib/inc/History.js:53},{Function value at lib/inc/History.js:66})
368f69aa19101822bb742180b0d09ff7f1c71ff8,RENAME,{Function add at lib/inc/History.js:27},{Function value at lib/inc/History.js:38})
368f69aa19101822bb742180b0d09ff7f1c71ff8,INTERNAL_MOVE,{Function add at src/inc/History.js:27},{Function add at src/inc/History.js:24})
368f69aa19101822bb742180b0d09ff7f1c71ff8,INTERNAL_MOVE,{Function getPrevious at src/inc/History.js:54},{Function getPrevious at src/inc/History.js:47})
368f69aa19101822bb742180b0d09ff7f1c71ff8,INTERNAL_MOVE,{Function next at src/inc/Queue.js:19},{Function next at src/inc/Queue.js:16})
368f69aa19101822bb742180b0d09ff7f1c71ff8,INLINE,{Function start at popmotion.global.js:5095},{Function start at popmotion.global.js:5056})
8caf1803821275b859c7075089f2c2a08d4e5abf,INTERNAL_MOVE,{Function map at src/roles/Role.js:59},{Function map at src/roles/Role.js:59})
8caf1803821275b859c7075089f2c2a08d4e5abf,INTERNAL_MOVE,{Function map at popmotion.global.js:1864},{Function map at popmotion.global.js:1862})
cfe7c127ae4d9dabbd95ec5bc519093a2825f5c3,EXTRACT,{Function resume at popmotion.global.js:4070},{Function resume at popmotion.global.js:4166})
cfe7c127ae4d9dabbd95ec5bc519093a2825f5c3,EXTRACT,{Function start at popmotion.global.js:4945},{Function start at popmotion.global.js:5041})
cfe7c127ae4d9dabbd95ec5bc519093a2825f5c3,EXTRACT,{Function pause at popmotion.global.js:4065},{Function pause at popmotion.global.js:4161})
f0a188e67ad70e7bbec16724ac53a51f76c34559,INLINE,{Function pause at popmotion.global.js:4161},{Function pause at popmotion.global.js:4155})
f0a188e67ad70e7bbec16724ac53a51f76c34559,MOVE,{Function onUpdate at src/sequence/Sequence.js:18},{Function onUpdate at lib/sequence/Sequence.js:28})
f0a188e67ad70e7bbec16724ac53a51f76c34559,INLINE,{Function resume at popmotion.global.js:4166},{Function resume at popmotion.global.js:4160})
867c74a915b82fbb3c362dbc0e3c5ad4f9b5ea68,INTERNAL_MOVE,{Function onUpdate at popmotion.global.js:1582},{Function onUpdate at popmotion.global.js:1613})
867c74a915b82fbb3c362dbc0e3c5ad4f9b5ea68,EXTRACT,{Function stagger at popmotion.global.js:1558},{Function stagger at popmotion.global.js:1589})
867c74a915b82fbb3c362dbc0e3c5ad4f9b5ea68,RENAME,{Function add at src/sequence/Sequence.js:57},{Function do at src/sequence/Sequence.js:54})
e7f4af2a81d8de3f4e6751f0146be15d7dc600fd,INLINE,{Function allActiveActions at popmotion.global.js:1168},{Function resume at popmotion.global.js:1001})
e7f4af2a81d8de3f4e6751f0146be15d7dc600fd,INLINE,{Function allActiveActions at popmotion.global.js:1168},{Function pause at popmotion.global.js:986})
e7f4af2a81d8de3f4e6751f0146be15d7dc600fd,INLINE,{Function allActiveActions at popmotion.global.js:1168},{Function resume at src/actor/Actor.js:132})
e7f4af2a81d8de3f4e6751f0146be15d7dc600fd,INLINE,{Function allActiveActions at popmotion.global.js:1168},{Function pause at src/actor/Actor.js:119})
2eb9fefbef1fe7445bc29bf71e6dbefabc59e398,MOVE,{Function bindInput at src/actor/Actor.js:334},{Function bindInput at src/actions/Track.js:33})
af802760e55202d614485132c617122c364959cd,RENAME,{Function reverseValues at src/actions/Tween.js:166},{Function reverse at src/actions/Tween.js:170})
af802760e55202d614485132c617122c364959cd,RENAME,{Function flip at src/actions/tween/TweenControls.js:14},{Function reverse at src/actions/tween/TweenControls.js:9})
af802760e55202d614485132c617122c364959cd,INTERNAL_MOVE,{Function onUpdate at lib/iterator/Iterator.js:85},{Function onUpdate at lib/iterator/Iterator.js:101})
af802760e55202d614485132c617122c364959cd,RENAME,{Function resetValues at popmotion.global.js:2091},{Function restart at popmotion.global.js:2110})
af802760e55202d614485132c617122c364959cd,RENAME,{Function resetValues at src/actions/Tween.js:170},{Function restart at src/actions/Tween.js:174})
af802760e55202d614485132c617122c364959cd,RENAME,{Function reverseValues at popmotion.global.js:2087},{Function reverse at popmotion.global.js:2106})
af802760e55202d614485132c617122c364959cd,RENAME,{Function loop at src/actions/tween/TweenControls.js:4},{Function restart at src/actions/tween/TweenControls.js:4})
f41a005788dc37718a2a221d73295991cef46242,EXTRACT_MOVE,{Function stagger at src/iterator/Iterator.js:33},{Function generateCallback at src/iterator/Iterator.js:7})
bafa93c91d8ea3f2fa42d2d713adb4236e6684a8,MOVE,{Function stagger at src/actor/ActorCollection.js:43},{Function stagger at src/iterator/Iterator.js:33})
bafa93c91d8ea3f2fa42d2d713adb4236e6684a8,EXTRACT,{Function next at popmotion.global.js:3240},{Function next at popmotion.global.js:3124})
bafa93c91d8ea3f2fa42d2d713adb4236e6684a8,EXTRACT_MOVE,{Function next at popmotion.global.js:3240},{Function stop at lib/actor/_Actor.js:122})
bafa93c91d8ea3f2fa42d2d713adb4236e6684a8,MOVE,{Function seek at src/_actions/play/actor-methods.js:95},{Function seek at lib/actor/_Actor.js:235})
bafa93c91d8ea3f2fa42d2d713adb4236e6684a8,MOVE_RENAME,{Function checkNextStep at src/_actions/play/actor-methods.js:59},{Function value at lib/actions/Tween.js:173})
2c03375c4ed7d3611cf48327c8f94b00d8560316,EXTRACT,{Function start at src/actor/Actor.js:74},{Function bindInput at src/actor/Actor.js:272})
2c03375c4ed7d3611cf48327c8f94b00d8560316,EXTRACT,{Function start at popmotion.global.js:3739},{Function bindAction at popmotion.global.js:3891})
2c03375c4ed7d3611cf48327c8f94b00d8560316,EXTRACT_MOVE,{Function start at src/actor/Actor.js:74},{Function bindInput at popmotion.global.js:1136})
2c03375c4ed7d3611cf48327c8f94b00d8560316,EXTRACT,{Function start at popmotion.global.js:835},{Function bindInput at popmotion.global.js:1136})
688549836df508e649348bf529e7251a5847210e,INTERNAL_MOVE,{Function autoAssignRoles at src/actor/Actor.js:339},{Function autoAssignRoles at src/actor/Actor.js:194})
688549836df508e649348bf529e7251a5847210e,INLINE,{Function setProps at lib/actor/Actor.js:279},{Function set at popmotion.global.js:803})
688549836df508e649348bf529e7251a5847210e,RENAME,{Function sync at lib/actor/Actor.js:157},{Function value at lib/actor/Actor.js:152})
688549836df508e649348bf529e7251a5847210e,RENAME,{Function toggle at lib/actor/Actor.js:150},{Function value at lib/actor/Actor.js:142})
688549836df508e649348bf529e7251a5847210e,INLINE,{Function setProps at popmotion.global.js:1025},{Function set at popmotion.global.js:803})
688549836df508e649348bf529e7251a5847210e,INLINE,{Function next at popmotion.global.js:2600},{Function next at popmotion.global.js:3110})
688549836df508e649348bf529e7251a5847210e,EXTRACT,{Function Actor at popmotion.global.js:762},{Function initRoles at popmotion.global.js:975})
688549836df508e649348bf529e7251a5847210e,RENAME,{Function pause at lib/actor/Actor.js:122},{Function value at lib/actor/Actor.js:107})
688549836df508e649348bf529e7251a5847210e,RENAME,{Function resume at lib/actor/Actor.js:131},{Function value at lib/actor/Actor.js:119})
688549836df508e649348bf529e7251a5847210e,EXTRACT,{Function stop at popmotion.global.js:4549},{Function stop at popmotion.global.js:4659})
688549836df508e649348bf529e7251a5847210e,EXTRACT,{Function Actor at popmotion.global.js:762},{Function assignRoles at popmotion.global.js:927})
688549836df508e649348bf529e7251a5847210e,INLINE,{Function setValues at lib/actor/Actor.js:304},{Function set at popmotion.global.js:803})
688549836df508e649348bf529e7251a5847210e,MOVE_RENAME,{Function set at lib/actor/Actor.js:353},{Function isActive at src/actor/Actor.js:252})
688549836df508e649348bf529e7251a5847210e,INTERNAL_MOVE,{Function sync at src/actor/Actor.js:139},{Function sync at src/actor/Actor.js:155})
688549836df508e649348bf529e7251a5847210e,INLINE,{Function setValues at popmotion.global.js:1051},{Function set at popmotion.global.js:803})
688549836df508e649348bf529e7251a5847210e,EXTRACT,{Function get at popmotion.global.js:3323},{Function get at popmotion.global.js:3922})
688549836df508e649348bf529e7251a5847210e,RENAME,{Function stop at lib/actor/Actor.js:141},{Function value at lib/actor/Actor.js:131})
736c7406095f0505e2fe3d04885c70e56dd82df8,EXTRACT,{Function next at popmotion.global.js:2614},{Function next at popmotion.global.js:2572})
ef89b1caa76ea3f7c1d00900881ab2f7eb5cf086,MOVE,{File simulations.js at src/_actions/run/simulations.js:1},{File simulations.js at src/actions/simulate/simulations.js:1})
7ebc5ad2826cc3c76ec11c2007d1b2db18f79cee,MOVE,{File preset-easing.js at src/_actions/play/preset-easing.js:1},{File preset-easing.js at src/actions/tween/preset-easing.js:1})
7ebc5ad2826cc3c76ec11c2007d1b2db18f79cee,MOVE,{File Bezier.js at src/_actions/play/Bezier.js:1},{File Bezier.js at src/actions/tween/Bezier.js:1})
7ebc5ad2826cc3c76ec11c2007d1b2db18f79cee,MOVE,{File Easing.js at src/_actions/play/Easing.js:1},{File Easing.js at src/actions/tween/Easing.js:1})
71e5feb0fab60d2d754cfcf5340806d5ad0bf6a9,RENAME,{Function onChange at src/actor/ActorCollection.js:71},{Function onUpdate at src/actor/ActorCollection.js:71})
71e5feb0fab60d2d754cfcf5340806d5ad0bf6a9,EXTRACT,{Function exports at popmotion.global.js:3554},{Function each at popmotion.global.js:4316})
71e5feb0fab60d2d754cfcf5340806d5ad0bf6a9,RENAME,{Function onChange at popmotion.global.js:2439},{Function onUpdate at popmotion.global.js:2687})
df366ad1c6d5c9a688ecbf37f37e7b45fd63872d,RENAME,{Function onStart at src/roles/path/PathRole.js:14},{Function actionStart at src/roles/path/PathRole.js:14})
df366ad1c6d5c9a688ecbf37f37e7b45fd63872d,INTERNAL_MOVE,{Function NewRole at popmotion.global.js:4445},{Function NewRole at popmotion.global.js:1875})
8d409dbc37a598ed9057d16c6f0787a9147602f4,MOVE,{File parse-args.js at src/actions/play/parse-args.js:1},{File parse-args.js at src/_actions/play/parse-args.js:1})
8d409dbc37a598ed9057d16c6f0787a9147602f4,MOVE,{File default-value-props.js at src/actions/generic/default-value-props.js:1},{File default-value-props.js at src/_actions/generic/default-value-props.js:1})
8d409dbc37a598ed9057d16c6f0787a9147602f4,MOVE,{File default-action-props.js at src/actions/play/default-action-props.js:1},{File default-action-props.js at src/_actions/play/default-action-props.js:1})
8d409dbc37a598ed9057d16c6f0787a9147602f4,MOVE,{File default-action-props.js at src/actions/run/default-action-props.js:1},{File default-action-props.js at src/_actions/run/default-action-props.js:1})
8d409dbc37a598ed9057d16c6f0787a9147602f4,MOVE,{File simulations.js at src/actions/run/simulations.js:1},{File simulations.js at src/_actions/run/simulations.js:1})
8d409dbc37a598ed9057d16c6f0787a9147602f4,MOVE,{File Bezier.js at src/actions/play/Bezier.js:1},{File Bezier.js at src/_actions/play/Bezier.js:1})
8d409dbc37a598ed9057d16c6f0787a9147602f4,MOVE,{File fire.js at src/actions/fire.js:1},{File fire.js at src/_actions/fire.js:1})
8d409dbc37a598ed9057d16c6f0787a9147602f4,MOVE,{File default-value-props.js at src/actions/play/default-value-props.js:1},{File default-value-props.js at src/_actions/play/default-value-props.js:1})
8d409dbc37a598ed9057d16c6f0787a9147602f4,MOVE,{File default-value-props.js at src/actions/run/default-value-props.js:1},{File default-value-props.js at src/_actions/run/default-value-props.js:1})
8d409dbc37a598ed9057d16c6f0787a9147602f4,MOVE,{File default-value-props.js at src/actions/link/default-value-props.js:1},{File default-value-props.js at src/_actions/link/default-value-props.js:1})
8d409dbc37a598ed9057d16c6f0787a9147602f4,MOVE,{File default-action-props.js at src/actions/generic/default-action-props.js:1},{File default-action-props.js at src/_actions/generic/default-action-props.js:1})
8d409dbc37a598ed9057d16c6f0787a9147602f4,MOVE,{File Easing.js at src/actions/play/Easing.js:1},{File Easing.js at src/_actions/play/Easing.js:1})
8d409dbc37a598ed9057d16c6f0787a9147602f4,MOVE,{File track.js at src/actions/track.js:1},{File track.js at src/_actions/track.js:1})
8d409dbc37a598ed9057d16c6f0787a9147602f4,MOVE,{File actor-methods.js at src/actions/play/actor-methods.js:1},{File actor-methods.js at src/_actions/play/actor-methods.js:1})
8d409dbc37a598ed9057d16c6f0787a9147602f4,MOVE,{File run.js at src/actions/run.js:1},{File run.js at src/_actions/run.js:1})
8d409dbc37a598ed9057d16c6f0787a9147602f4,MOVE,{File play.js at src/actions/play.js:1},{File play.js at src/_actions/play.js:1})
8d409dbc37a598ed9057d16c6f0787a9147602f4,MOVE,{File link.js at src/actions/link.js:1},{File link.js at src/_actions/link.js:1})
8d409dbc37a598ed9057d16c6f0787a9147602f4,MOVE,{File preset-easing.js at src/actions/play/preset-easing.js:1},{File preset-easing.js at src/_actions/play/preset-easing.js:1})
8d409dbc37a598ed9057d16c6f0787a9147602f4,MOVE,{File manager.js at src/actions/manager.js:1},{File manager.js at src/_actions/manager.js:1})
8d409dbc37a598ed9057d16c6f0787a9147602f4,MOVE,{File parse-args.js at src/actions/generic/parse-args.js:1},{File parse-args.js at src/_actions/generic/parse-args.js:1})
8d409dbc37a598ed9057d16c6f0787a9147602f4,EXTRACT,{Function update at src/actor/update.js:8},{Function createMapper at src/actor/update.js:8})
8d409dbc37a598ed9057d16c6f0787a9147602f4,MOVE,{File default-value-props.js at src/actions/track/default-value-props.js:1},{File default-value-props.js at src/_actions/track/default-value-props.js:1})
40e1b661f38b639e50cfb1b5b7bc0df890cfce39,RENAME,{Function actionStart at src/roles/path/PathRole.js:15},{Function onStart at src/roles/path/PathRole.js:15})
40e1b661f38b639e50cfb1b5b7bc0df890cfce39,RENAME,{Function update at src/roles/path/PathRole.js:19},{Function onUpdate at src/roles/path/PathRole.js:19})
40e1b661f38b639e50cfb1b5b7bc0df890cfce39,RENAME,{Function update at src/roles/css/CSSRole.js:41},{Function onUpdate at src/roles/css/CSSRole.js:41})
40e1b661f38b639e50cfb1b5b7bc0df890cfce39,RENAME,{Function update at src/roles/attr/AttrRole.js:7},{Function onUpdate at src/roles/attr/AttrRole.js:7})
12bebac87ca0485fb4b993a0c0c3c1e609007c3a,INTERNAL_MOVE,{Function name at redshift.global.js:2184},{Function name at redshift.global.js:1056})
5c41404118625dbd4b0aeb8f048a94e42c51257d,MOVE,{File history.js at src/bobs/history.js:1},{File history.js at src/utils/history.js:1})
17698842c0b29fb17f287c7a1668d7fa47458c88,EXTRACT,{Function hasEnded at src/bobs/rubix.js:55},{Function hasEnded at src/bobs/rubix.js:255})
a35a92512eedfbdfcc918f45ff474aaa76e95221,RENAME,{Function rQuery at src/utils/rQuery.js:10},{Function loadPlugins at src/utils/rQuery.js:10})
e45df5b6b3aaa592504fdb6515efbe0b51f5ff7e,EXTRACT,{Function execute at src/utils/rQuery.js:12},{Function getInstance at src/utils/rQuery.js:18})
